Workbook

Sheet 자재판매가산출
B2: 자재 판매가 산출 — 태성정밀 공급
B3: =" 적용 환율: "&설정!$C$8&" · USD "&TEXT(설정!$C$11,"#,##0.00")&" · CNY "&TEXT(설정!$C$12,"#,##0.00")&" · 부대비용 "&TEXT(설정!$C$17,"0.0%")&" · "&설정!$C$19&" "&TEXT(설정!$C$18,"0.0%") -> 적용 환율: 2026-08 · USD 1,406.30 · CNY 208.69 · 부대비용 10.0% · 판매가 마진 30.0%
B5: 품목 | C5: 품목코드 | D5: 통화 | E5: 외화 단가 | F5: 수량 | G5: 원화 환산 | H5: 입고원가 | I5: 이윤율 | J5: 적용 이윤율 | K5: 판매단가 | L5: 개당 마진 | M5: 마진율 | N5: 판매 합계 | O5: 원가 합계
B6: 센서주방몸통(도금) | C6: 710222.0 | D6: USD | E6: 7.5 | F6: 282 | G6: =IF(N($E6)=0,"",$E6*IF($D6="USD",설정!$C$11,IF($D6="CNY",설정!$C$12,1))) -> 10547.25 | H6: =IF($G6="","",$G6*(1+설정!$C$17)) -> 11601.975 | J6: =IF($G6="","",IF($I6="",설정!$C$18,$I6)) -> 0.3 | K6: =IF($H6="","",IFERROR(IF(설정!$C$20<=1,ROUND(IF(설정!$C$19="판매가 마진",$H6/(1-$J6),$H6*(1+$J6)),0),CEILING(IF(설정!$C$19="판매가 마진",$H6/(1-$J6),$H6*(1+$J6)),설정!$C$20)),0)) -> 16600 | L6: =IF($K6="","",$K6-$H6) -> 4998.025 | M6: =IF(N($K6)=0,"",$L6/$K6) -> 0.30108584 | N6: =IF($K6="","",$K6*$F6) -> 4681200 | O6: =IF($H6="","",$H6*$F6) -> 3271757
B7: IR센서싱크 몸통 / 매트블랙 | C7: 710222.B | D7: USD | E7: 8.2 | F7: 5 | G7: =IF(N($E7)=0,"",$E7*IF($D7="USD",설정!$C$11,IF($D7="CNY",설정!$C$12,1))) -> 11531.66 | H7: =IF($G7="","",$G7*(1+설정!$C$17)) -> 12684.826 | J7: =IF($G7="","",IF($I7="",설정!$C$18,$I7)) -> 0.3 | K7: =IF($H7="","",IFERROR(IF(설정!$C$20<=1,ROUND(IF(설정!$C$19="판매가 마진",$H7/(1-$J7),$H7*(1+$J7)),0),CEILING(IF(설정!$C$19="판매가 마진",$H7/(1-$J7),$H7*(1+$J7)),설정!$C$20)),0)) -> 18200 | L7: =IF($K7="","",$K7-$H7) -> 5515.174 | M7: =IF(N($K7)=0,"",$L7/$K7) -> 0.30303154 | N7: =IF($K7="","",$K7*$F7) -> 91000 | O7: =IF($H7="","",$H7*$F7) -> 63424.13
B8: IR센서싱크 몸통 / 브러쉬드니켈 | C8: 710222.BN | D8: USD | E8: 9.9 | F8: 418 | G8: =IF(N($E8)=0,"",$E8*IF($D8="USD",설정!$C$11,IF($D8="CNY",설정!$C$12,1))) -> 13922.37 | H8: =IF($G8="","",$G8*(1+설정!$C$17)) -> 15314.607 | J8: =IF($G8="","",IF($I8="",설정!$C$18,$I8)) -> 0.3 | K8: =IF($H8="","",IFERROR(IF(설정!$C$20<=1,ROUND(IF(설정!$C$19="판매가 마진",$H8/(1-$J8),$H8*(1+$J8)),0),CEILING(IF(설정!$C$19="판매가 마진",$H8/(1-$J8),$H8*(1+$J8)),설정!$C$20)),0)) -> 21900 | L8: =IF($K8="","",$K8-$H8) -> 6585.393 | M8: =IF(N($K8)=0,"",$L8/$K8) -> 0.30070288 | N8: =IF($K8="","",$K8*$F8) -> 9154200 | O8: =IF($H8="","",$H8*$F8) -> 6401505.7
B9: IR센서싱크 몸통 / 크롬 / (분리형) | C9: 710224.0 | D9: USD | E9: 8 | F9: 178 | G9: =IF(N($E9)=0,"",$E9*IF($D9="USD",설정!$C$11,IF($D9="CNY",설정!$C$12,1))) -> 11250.4 | H9: =IF($G9="","",$G9*(1+설정!$C$17)) -> 12375.44 | J9: =IF($G9="","",IF($I9="",설정!$C$18,$I9)) -> 0.3 | K9: =IF($H9="","",IFERROR(IF(설정!$C$20<=1,ROUND(IF(설정!$C$19="판매가 마진",$H9/(1-$J9),$H9*(1+$J9)),0),CEILING(IF(설정!$C$19="판매가 마진",$H9/(1-$J9),$H9*(1+$J9)),설정!$C$20)),0)) -> 17700 | L9: =IF($K9="","",$K9-$H9) -> 5324.56 | M9: =IF(N($K9)=0,"",$L9/$K9) -> 0.3008226 | N9: =IF($K9="","",$K9*$F9) -> 3150600 | O9: =IF($H9="","",$H9*$F9) -> 2202828.3
B10: IR센서싱크 몸통 / 블랙 / (분리형) | C10: 710224.B | D10: USD | E10: 8.8 | F10: 120 | G10: =IF(N($E10)=0,"",$E10*IF($D10="USD",설정!$C$11,IF($D10="CNY",설정!$C$12,1))) -> 12375.44 | H10: =IF($G10="","",$G10*(1+설정!$C$17)) -> 13612.984 | J10: =IF($G10="","",IF($I10="",설정!$C$18,$I10)) -> 0.3 | K10: =IF($H10="","",IFERROR(IF(설정!$C$20<=1,ROUND(IF(설정!$C$19="판매가 마진",$H10/(1-$J10),$H10*(1+$J10)),0),CEILING(IF(설정!$C$19="판매가 마진",$H10/(1-$J10),$H10*(1+$J10)),설정!$C$20)),0)) -> 19500 | L10: =IF($K10="","",$K10-$H10) -> 5887.016 | M10: =IF(N($K10)=0,"",$L10/$K10) -> 0.30189826 | N10: =IF($K10="","",$K10*$F10) -> 2340000 | O10: =IF($H10="","",$H10*$F10) -> 1633558.1
B11: IR센서싱크 몸통 / 브러쉬드니켈 / (분리형) | C11: 710224.BN | D11: USD | E11: 10.2 | F11: 199 | G11: =IF(N($E11)=0,"",$E11*IF($D11="USD",설정!$C$11,IF($D11="CNY",설정!$C$12,1))) -> 14344.26 | H11: =IF($G11="","",$G11*(1+설정!$C$17)) -> 15778.686 | J11: =IF($G11="","",IF($I11="",설정!$C$18,$I11)) -> 0.3 | K11: =IF($H11="","",IFERROR(IF(설정!$C$20<=1,ROUND(IF(설정!$C$19="판매가 마진",$H11/(1-$J11),$H11*(1+$J11)),0),CEILING(IF(설정!$C$19="판매가 마진",$H11/(1-$J11),$H11*(1+$J11)),설정!$C$20)),0)) -> 22600 | L11: =IF($K11="","",$K11-$H11) -> 6821.314 | M11: =IF(N($K11)=0,"",$L11/$K11) -> 0.30182805 | N11: =IF($K11="","",$K11*$F11) -> 4497400 | O11: =IF($H11="","",$H11*$F11) -> 3139958.5
B12: 일체형터치싱크 몸통 / 크롬 | C12: 710232.0 | D12: USD | E12: 8.5 | F12: 300 | G12: =IF(N($E12)=0,"",$E12*IF($D12="USD",설정!$C$11,IF($D12="CNY",설정!$C$12,1))) -> 11953.55 | H12: =IF($G12="","",$G12*(1+설정!$C$17)) -> 13148.905 | J12: =IF($G12="","",IF($I12="",설정!$C$18,$I12)) -> 0.3 | K12: =IF($H12="","",IFERROR(IF(설정!$C$20<=1,ROUND(IF(설정!$C$19="판매가 마진",$H12/(1-$J12),$H12*(1+$J12)),0),CEILING(IF(설정!$C$19="판매가 마진",$H12/(1-$J12),$H12*(1+$J12)),설정!$C$20)),0)) -> 18800 | L12: =IF($K12="","",$K12-$H12) -> 5651.095 | M12: =IF(N($K12)=0,"",$L12/$K12) -> 0.30059016 | N12: =IF($K12="","",$K12*$F12) -> 5640000 | O12: =IF($H12="","",$H12*$F12) -> 3944671.5
G13: =IF(N($E13)=0,"",$E13*IF($D13="USD",설정!$C$11,IF($D13="CNY",설정!$C$12,1))) | H13: =IF($G13="","",$G13*(1+설정!$C$17)) | J13: =IF($G13="","",IF($I13="",설정!$C$18,$I13)) | K13: =IF($H13="","",IFERROR(IF(설정!$C$20<=1,ROUND(IF(설정!$C$19="판매가 마진",$H13/(1-$J13),$H13*(1+$J13)),0),CEILING(IF(설정!$C$19="판매가 마진",$H13/(1-$J13),$H13*(1+$J13)),설정!$C$20)),0)) | L13: =IF($K13="","",$K13-$H13) | M13: =IF(N($K13)=0,"",$L13/$K13) | N13: =IF($K13="","",$K13*$F13) | O13: =IF($H13="","",$H13*$F13)
G14: =IF(N($E14)=0,"",$E14*IF($D14="USD",설정!$C$11,IF($D14="CNY",설정!$C$12,1))) | H14: =IF($G14="","",$G14*(1+설정!$C$17)) | J14: =IF($G14="","",IF($I14="",설정!$C$18,$I14)) | K14: =IF($H14="","",IFERROR(IF(설정!$C$20<=1,ROUND(IF(설정!$C$19="판매가 마진",$H14/(1-$J14),$H14*(1+$J14)),0),CEILING(IF(설정!$C$19="판매가 마진",$H14/(1-$J14),$H14*(1+$J14)),설정!$C$20)),0)) | L14: =IF($K14="","",$K14-$H14) | M14: =IF(N($K14)=0,"",$L14/$K14) | N14: =IF($K14="","",$K14*$F14) | O14: =IF($H14="","",$H14*$F14)
G15: =IF(N($E15)=0,"",$E15*IF($D15="USD",설정!$C$11,IF($D15="CNY",설정!$C$12,1))) | H15: =IF($G15="","",$G15*(1+설정!$C$17)) | J15: =IF($G15="","",IF($I15="",설정!$C$18,$I15)) | K15: =IF($H15="","",IFERROR(IF(설정!$C$20<=1,ROUND(IF(설정!$C$19="판매가 마진",$H15/(1-$J15),$H15*(1+$J15)),0),CEILING(IF(설정!$C$19="판매가 마진",$H15/(1-$J15),$H15*(1+$J15)),설정!$C$20)),0)) | L15: =IF($K15="","",$K15-$H15) | M15: =IF(N($K15)=0,"",$L15/$K15) | N15: =IF($K15="","",$K15*$F15) | O15: =IF($H15="","",$H15*$F15)
G16: =IF(N($E16)=0,"",$E16*IF($D16="USD",설정!$C$11,IF($D16="CNY",설정!$C$12,1))) | H16: =IF($G16="","",$G16*(1+설정!$C$17)) | J16: =IF($G16="","",IF($I16="",설정!$C$18,$I16)) | K16: =IF($H16="","",IFERROR(IF(설정!$C$20<=1,ROUND(IF(설정!$C$19="판매가 마진",$H16/(1-$J16),$H16*(1+$J16)),0),CEILING(IF(설정!$C$19="판매가 마진",$H16/(1-$J16),$H16*(1+$J16)),설정!$C$20)),0)) | L16: =IF($K16="","",$K16-$H16) | M16: =IF(N($K16)=0,"",$L16/$K16) | N16: =IF($K16="","",$K16*$F16) | O16: =IF($H16="","",$H16*$F16)
G17: =IF(N($E17)=0,"",$E17*IF($D17="USD",설정!$C$11,IF($D17="CNY",설정!$C$12,1))) | H17: =IF($G17="","",$G17*(1+설정!$C$17)) | J17: =IF($G17="","",IF($I17="",설정!$C$18,$I17)) | K17: =IF($H17="","",IFERROR(IF(설정!$C$20<=1,ROUND(IF(설정!$C$19="판매가 마진",$H17/(1-$J17),$H17*(1+$J17)),0),CEILING(IF(설정!$C$19="판매가 마진",$H17/(1-$J17),$H17*(1+$J17)),설정!$C$20)),0)) | L17: =IF($K17="","",$K17-$H17) | M17: =IF(N($K17)=0,"",$L17/$K17) | N17: =IF($K17="","",$K17*$F17) | O17: =IF($H17="","",$H17*$F17)
G18: =IF(N($E18)=0,"",$E18*IF($D18="USD",설정!$C$11,IF($D18="CNY",설정!$C$12,1))) | H18: =IF($G18="","",$G18*(1+설정!$C$17)) | J18: =IF($G18="","",IF($I18="",설정!$C$18,$I18)) | K18: =IF($H18="","",IFERROR(IF(설정!$C$20<=1,ROUND(IF(설정!$C$19="판매가 마진",$H18/(1-$J18),$H18*(1+$J18)),0),CEILING(IF(설정!$C$19="판매가 마진",$H18/(1-$J18),$H18*(1+$J18)),설정!$C$20)),0)) | L18: =IF($K18="","",$K18-$H18) | M18: =IF(N($K18)=0,"",$L18/$K18) | N18: =IF($K18="","",$K18*$F18) | O18: =IF($H18="","",$H18*$F18)
G19: =IF(N($E19)=0,"",$E19*IF($D19="USD",설정!$C$11,IF($D19="CNY",설정!$C$12,1))) | H19: =IF($G19="","",$G19*(1+설정!$C$17)) | J19: =IF($G19="","",IF($I19="",설정!$C$18,$I19)) | K19: =IF($H19="","",IFERROR(IF(설정!$C$20<=1,ROUND(IF(설정!$C$19="판매가 마진",$H19/(1-$J19),$H19*(1+$J19)),0),CEILING(IF(설정!$C$19="판매가 마진",$H19/(1-$J19),$H19*(1+$J19)),설정!$C$20)),0)) | L19: =IF($K19="","",$K19-$H19) | M19: =IF(N($K19)=0,"",$L19/$K19) | N19: =IF($K19="","",$K19*$F19) | O19: =IF($H19="","",$H19*$F19)
G20: =IF(N($E20)=0,"",$E20*IF($D20="USD",설정!$C$11,IF($D20="CNY",설정!$C$12,1))) | H20: =IF($G20="","",$G20*(1+설정!$C$17)) | J20: =IF($G20="","",IF($I20="",설정!$C$18,$I20)) | K20: =IF($H20="","",IFERROR(IF(설정!$C$20<=1,ROUND(IF(설정!$C$19="판매가 마진",$H20/(1-$J20),$H20*(1+$J20)),0),CEILING(IF(설정!$C$19="판매가 마진",$H20/(1-$J20),$H20*(1+$J20)),설정!$C$20)),0)) | L20: =IF($K20="","",$K20-$H20) | M20: =IF(N($K20)=0,"",$L20/$K20) | N20: =IF($K20="","",$K20*$F20) | O20: =IF($H20="","",$H20*$F20)
G21: =IF(N($E21)=0,"",$E21*IF($D21="USD",설정!$C$11,IF($D21="CNY",설정!$C$12,1))) | H21: =IF($G21="","",$G21*(1+설정!$C$17)) | J21: =IF($G21="","",IF($I21="",설정!$C$18,$I21)) | K21: =IF($H21="","",IFERROR(IF(설정!$C$20<=1,ROUND(IF(설정!$C$19="판매가 마진",$H21/(1-$J21),$H21*(1+$J21)),0),CEILING(IF(설정!$C$19="판매가 마진",$H21/(1-$J21),$H21*(1+$J21)),설정!$C$20)),0)) | L21: =IF($K21="","",$K21-$H21) | M21: =IF(N($K21)=0,"",$L21/$K21) | N21: =IF($K21="","",$K21*$F21) | O21: =IF($H21="","",$H21*$F21)
G22: =IF(N($E22)=0,"",$E22*IF($D22="USD",설정!$C$11,IF($D22="CNY",설정!$C$12,1))) | H22: =IF($G22="","",$G22*(1+설정!$C$17)) | J22: =IF($G22="","",IF($I22="",설정!$C$18,$I22)) | K22: =IF($H22="","",IFERROR(IF(설정!$C$20<=1,ROUND(IF(설정!$C$19="판매가 마진",$H22/(1-$J22),$H22*(1+$J22)),0),CEILING(IF(설정!$C$19="판매가 마진",$H22/(1-$J22),$H22*(1+$J22)),설정!$C$20)),0)) | L22: =IF($K22="","",$K22-$H22) | M22: =IF(N($K22)=0,"",$L22/$K22) | N22: =IF($K22="","",$K22*$F22) | O22: =IF($H22="","",$H22*$F22)
G23: =IF(N($E23)=0,"",$E23*IF($D23="USD",설정!$C$11,IF($D23="CNY",설정!$C$12,1))) | H23: =IF($G23="","",$G23*(1+설정!$C$17)) | J23: =IF($G23="","",IF($I23="",설정!$C$18,$I23)) | K23: =IF($H23="","",IFERROR(IF(설정!$C$20<=1,ROUND(IF(설정!$C$19="판매가 마진",$H23/(1-$J23),$H23*(1+$J23)),0),CEILING(IF(설정!$C$19="판매가 마진",$H23/(1-$J23),$H23*(1+$J23)),설정!$C$20)),0)) | L23: =IF($K23="","",$K23-$H23) | M23: =IF(N($K23)=0,"",$L23/$K23) | N23: =IF($K23="","",$K23*$F23) | O23: =IF($H23="","",$H23*$F23)
G24: =IF(N($E24)=0,"",$E24*IF($D24="USD",설정!$C$11,IF($D24="CNY",설정!$C$12,1))) | H24: =IF($G24="","",$G24*(1+설정!$C$17)) | J24: =IF($G24="","",IF($I24="",설정!$C$18,$I24)) | K24: =IF($H24="","",IFERROR(IF(설정!$C$20<=1,ROUND(IF(설정!$C$19="판매가 마진",$H24/(1-$J24),$H24*(1+$J24)),0),CEILING(IF(설정!$C$19="판매가 마진",$H24/(1-$J24),$H24*(1+$J24)),설정!$C$20)),0)) | L24: =IF($K24="","",$K24-$H24) | M24: =IF(N($K24)=0,"",$L24/$K24) | N24: =IF($K24="","",$K24*$F24) | O24: =IF($H24="","",$H24*$F24)
... G45: =IF(N($E45)=0,"",$E45*IF($D45="USD",설정!$C$11,IF($D45="CNY",설정!$C$12,1))) | H45: =IF($G45="","",$G45*(1+설정!$C$17)) | J45: =IF($G45="","",IF($I45="",설정!$C$18,$I45)) | K45: =IF($H45="","",IFERROR(IF(설정!$C$20<=1,ROUND(IF(설정!$C$19="판매가 마진",$H45/(1-$J45),$H45*(1+$J45)),0),CEILING(IF(설정!$C$19="판매가 마진",$H45/(1-$J45),$H45*(1+$J45)),설정!$C$20)),0)) | L45: =IF($K45="","",$K45-$H45) | M45: =IF(N($K45)=0,"",$L45/$K45) | N45: =IF($K45="","",$K45*$F45) | O45: =IF($H45="","",$H45*$F45)
B46: 합계 | F46: =SUM(F6:F45) -> 1502 | L46: =SUM(L6:L45) -> 40782.577 | M46: =IFERROR(SUM(L6:L45)/SUM(N6:N45),0) -> 0.0013799156 | N46: =SUM(N6:N45) -> 29554400 | O46: =SUM(O6:O45) -> 20657703
B48: 파란 글씨 칸(A~D, G)만 입력하세요. 나머지는 수식입니다.
B49: G열 이윤율을 비워 두면 설정 시트의 기본 이윤율이 적용됩니다.
B50: 샘플 6개 품목은 형식을 보여주기 위한 예시입니다. 실제 품목으로 교체하세요.
B51: 표시 금액은 모두 부가세 별도, 태성정밀 공급가 기준입니다.

Sheet 상품판매가산출
B2: 상품 판매가 산출 — 수입품 · 국내구매품 유통
B3: ="매입원가 → 판관비 "&TEXT(설정!$C$24,"0.0%")&" → BEP 가격 → 영업이익 "&TEXT(설정!$C$25,"0.0%")&" → 기준 유통가 → (영업) 최종 유통가 · "&설정!$C$26&" 방식" -> 매입원가 → 판관비 8.7% → BEP 가격 → 영업이익 10.0% → 기준 유통가 → (영업) 최종 유통가 · 매출 대비 방식
B5: 상품 | C5: 품목코드 | D5: 구분 | E5: 통화 | F5: 외화 단가 | G5: 원화 매입단가 | H5: 수량 | I5: 매입원가 /개 | J5: 판관비율 | K5: 영업이익률 | L5: BEP 가격 | M5: 기준 유통가 | N5: 최종 유통가 (영업 입력) | O5: 적용가 | P5: 판관비 /개 | Q5: 영업이익 /개 | R5: 영업이익률 (실제) | S5: 기준가 대비 | T5: BEP 대비 | U5: 매출 합계 | V5: 영업이익 합계
B6: 이중휴지걸이 | C6: TF-AC7111B2 | D6: 국내 | E6: KRW | G6: 19000 | H6: 500 | I6: =IF($D6="","",IF($D6="수입",IF(N($F6)=0,"",$F6*IF($E6="USD",설정!$C$11,IF($E6="CNY",설정!$C$12,1))*(1+설정!$C$17)),IF(N($G6)=0,"",$G6*(1+설정!$C$23)))) -> 19000 | L6: =IF($I6="","",IFERROR(IF(설정!$C$26="원가 가산",$I6*(1+IF($J6="",설정!$C$24,$J6)),$I6/(1-IF($J6="",설정!$C$24,$J6))),0)) -> 20810.515 | M6: =IF($I6="","",IFERROR(IF(설정!$C$27<=1,ROUND(IF(설정!$C$26="원가 가산",$L6*(1+IF($K6="",설정!$C$25,$K6)),$I6/(1-IF($J6="",설정!$C$24,$J6)-IF($K6="",설정!$C$25,$K6))),0),CEILING(IF(설정!$C$26="원가 가산",$L6*(1+IF($K6="",설정!$C$25,$K6)),$I6/(1-IF($J6="",설정!$C$24,$J6)-IF($K6="",설정!$C$25,$K6))),설정!$C$27)),0)) -> 23400 | N6: 40000 | O6: =IF($M6="","",IF($N6="",$M6,$N6)) -> 40000 | P6: =IF($O6="","",IF(설정!$C$26="원가 가산",$I6*IF($J6="",설정!$C$24,$J6),$O6*IF($J6="",설정!$C$24,$J6))) -> 3480 | Q6: =IF($O6="","",$O6-$I6-$P6) -> 17520 | R6: =IF(N($O6)=0,"",$Q6/$O6) -> 0.438 | S6: =IF(N($M6)=0,"",$O6/$M6-1) -> 0.70940171 | T6: =IF(N($L6)=0,"",$O6/$L6-1) -> 0.92210526 | U6: =IF($O6="","",$O6*$H6) -> 20000000 | V6: =IF($Q6="","",$Q6*$H6) -> 8760000
B7: 샴푸바스켓 | C7: TF-AC7508.BN | D7: 국내 | E7: KRW | G7: 9000 | H7: 500 | I7: =IF($D7="","",IF($D7="수입",IF(N($F7)=0,"",$F7*IF($E7="USD",설정!$C$11,IF($E7="CNY",설정!$C$12,1))*(1+설정!$C$17)),IF(N($G7)=0,"",$G7*(1+설정!$C$23)))) -> 9000 | L7: =IF($I7="","",IFERROR(IF(설정!$C$26="원가 가산",$I7*(1+IF($J7="",설정!$C$24,$J7)),$I7/(1-IF($J7="",설정!$C$24,$J7))),0)) -> 9857.6123 | M7: =IF($I7="","",IFERROR(IF(설정!$C$27<=1,ROUND(IF(설정!$C$26="원가 가산",$L7*(1+IF($K7="",설정!$C$25,$K7)),$I7/(1-IF($J7="",설정!$C$24,$J7)-IF($K7="",설정!$C$25,$K7))),0),CEILING(IF(설정!$C$26="원가 가산",$L7*(1+IF($K7="",설정!$C$25,$K7)),$I7/(1-IF($J7="",설정!$C$24,$J7)-IF($K7="",설정!$C$25,$K7))),설정!$C$27)),0)) -> 11100 | N7: 25000 | O7: =IF($M7="","",IF($N7="",$M7,$N7)) -> 25000 | P7: =IF($O7="","",IF(설정!$C$26="원가 가산",$I7*IF($J7="",설정!$C$24,$J7),$O7*IF($J7="",설정!$C$24,$J7))) -> 2175 | Q7: =IF($O7="","",$O7-$I7-$P7) -> 13825 | R7: =IF(N($O7)=0,"",$Q7/$O7) -> 0.553 | S7: =IF(N($M7)=0,"",$O7/$M7-1) -> 1.2522523 | T7: =IF(N($L7)=0,"",$O7/$L7-1) -> 1.5361111 | U7: =IF($O7="","",$O7*$H7) -> 12500000 | V7: =IF($Q7="","",$Q7*$H7) -> 6912500
I8: =IF($D8="","",IF($D8="수입",IF(N($F8)=0,"",$F8*IF($E8="USD",설정!$C$11,IF($E8="CNY",설정!$C$12,1))*(1+설정!$C$17)),IF(N($G8)=0,"",$G8*(1+설정!$C$23)))) | L8: =IF($I8="","",IFERROR(IF(설정!$C$26="원가 가산",$I8*(1+IF($J8="",설정!$C$24,$J8)),$I8/(1-IF($J8="",설정!$C$24,$J8))),0)) | M8: =IF($I8="","",IFERROR(IF(설정!$C$27<=1,ROUND(IF(설정!$C$26="원가 가산",$L8*(1+IF($K8="",설정!$C$25,$K8)),$I8/(1-IF($J8="",설정!$C$24,$J8)-IF($K8="",설정!$C$25,$K8))),0),CEILING(IF(설정!$C$26="원가 가산",$L8*(1+IF($K8="",설정!$C$25,$K8)),$I8/(1-IF($J8="",설정!$C$24,$J8)-IF($K8="",설정!$C$25,$K8))),설정!$C$27)),0)) | O8: =IF($M8="","",IF($N8="",$M8,$N8)) | P8: =IF($O8="","",IF(설정!$C$26="원가 가산",$I8*IF($J8="",설정!$C$24,$J8),$O8*IF($J8="",설정!$C$24,$J8))) | Q8: =IF($O8="","",$O8-$I8-$P8) | R8: =IF(N($O8)=0,"",$Q8/$O8) | S8: =IF(N($M8)=0,"",$O8/$M8-1) | T8: =IF(N($L8)=0,"",$O8/$L8-1) | U8: =IF($O8="","",$O8*$H8) | V8: =IF($Q8="","",$Q8*$H8)
I9: =IF($D9="","",IF($D9="수입",IF(N($F9)=0,"",$F9*IF($E9="USD",설정!$C$11,IF($E9="CNY",설정!$C$12,1))*(1+설정!$C$17)),IF(N($G9)=0,"",$G9*(1+설정!$C$23)))) | L9: =IF($I9="","",IFERROR(IF(설정!$C$26="원가 가산",$I9*(1+IF($J9="",설정!$C$24,$J9)),$I9/(1-IF($J9="",설정!$C$24,$J9))),0)) | M9: =IF($I9="","",IFERROR(IF(설정!$C$27<=1,ROUND(IF(설정!$C$26="원가 가산",$L9*(1+IF($K9="",설정!$C$25,$K9)),$I9/(1-IF($J9="",설정!$C$24,$J9)-IF($K9="",설정!$C$25,$K9))),0),CEILING(IF(설정!$C$26="원가 가산",$L9*(1+IF($K9="",설정!$C$25,$K9)),$I9/(1-IF($J9="",설정!$C$24,$J9)-IF($K9="",설정!$C$25,$K9))),설정!$C$27)),0)) | O9: =IF($M9="","",IF($N9="",$M9,$N9)) | P9: =IF($O9="","",IF(설정!$C$26="원가 가산",$I9*IF($J9="",설정!$C$24,$J9),$O9*IF($J9="",설정!$C$24,$J9))) | Q9: =IF($O9="","",$O9-$I9-$P9) | R9: =IF(N($O9)=0,"",$Q9/$O9) | S9: =IF(N($M9)=0,"",$O9/$M9-1) | T9: =IF(N($L9)=0,"",$O9/$L9-1) | U9: =IF($O9="","",$O9*$H9) | V9: =IF($Q9="","",$Q9*$H9)
I10: =IF($D10="","",IF($D10="수입",IF(N($F10)=0,"",$F10*IF($E10="USD",설정!$C$11,IF($E10="CNY",설정!$C$12,1))*(1+설정!$C$17)),IF(N($G10)=0,"",$G10*(1+설정!$C$23)))) | L10: =IF($I10="","",IFERROR(IF(설정!$C$26="원가 가산",$I10*(1+IF($J10="",설정!$C$24,$J10)),$I10/(1-IF($J10="",설정!$C$24,$J10))),0)) | M10: =IF($I10="","",IFERROR(IF(설정!$C$27<=1,ROUND(IF(설정!$C$26="원가 가산",$L10*(1+IF($K10="",설정!$C$25,$K10)),$I10/(1-IF($J10="",설정!$C$24,$J10)-IF($K10="",설정!$C$25,$K10))),0),CEILING(IF(설정!$C$26="원가 가산",$L10*(1+IF($K10="",설정!$C$25,$K10)),$I10/(1-IF($J10="",설정!$C$24,$J10)-IF($K10="",설정!$C$25,$K10))),설정!$C$27)),0)) | O10: =IF($M10="","",IF($N10="",$M10,$N10)) | P10: =IF($O10="","",IF(설정!$C$26="원가 가산",$I10*IF($J10="",설정!$C$24,$J10),$O10*IF($J10="",설정!$C$24,$J10))) | Q10: =IF($O10="","",$O10-$I10-$P10) | R10: =IF(N($O10)=0,"",$Q10/$O10) | S10: =IF(N($M10)=0,"",$O10/$M10-1) | T10: =IF(N($L10)=0,"",$O10/$L10-1) | U10: =IF($O10="","",$O10*$H10) | V10: =IF($Q10="","",$Q10*$H10)
I11: =IF($D11="","",IF($D11="수입",IF(N($F11)=0,"",$F11*IF($E11="USD",설정!$C$11,IF($E11="CNY",설정!$C$12,1))*(1+설정!$C$17)),IF(N($G11)=0,"",$G11*(1+설정!$C$23)))) | L11: =IF($I11="","",IFERROR(IF(설정!$C$26="원가 가산",$I11*(1+IF($J11="",설정!$C$24,$J11)),$I11/(1-IF($J11="",설정!$C$24,$J11))),0)) | M11: =IF($I11="","",IFERROR(IF(설정!$C$27<=1,ROUND(IF(설정!$C$26="원가 가산",$L11*(1+IF($K11="",설정!$C$25,$K11)),$I11/(1-IF($J11="",설정!$C$24,$J11)-IF($K11="",설정!$C$25,$K11))),0),CEILING(IF(설정!$C$26="원가 가산",$L11*(1+IF($K11="",설정!$C$25,$K11)),$I11/(1-IF($J11="",설정!$C$24,$J11)-IF($K11="",설정!$C$25,$K11))),설정!$C$27)),0)) | O11: =IF($M11="","",IF($N11="",$M11,$N11)) | P11: =IF($O11="","",IF(설정!$C$26="원가 가산",$I11*IF($J11="",설정!$C$24,$J11),$O11*IF($J11="",설정!$C$24,$J11))) | Q11: =IF($O11="","",$O11-$I11-$P11) | R11: =IF(N($O11)=0,"",$Q11/$O11) | S11: =IF(N($M11)=0,"",$O11/$M11-1) | T11: =IF(N($L11)=0,"",$O11/$L11-1) | U11: =IF($O11="","",$O11*$H11) | V11: =IF($Q11="","",$Q11*$H11)
I12: =IF($D12="","",IF($D12="수입",IF(N($F12)=0,"",$F12*IF($E12="USD",설정!$C$11,IF($E12="CNY",설정!$C$12,1))*(1+설정!$C$17)),IF(N($G12)=0,"",$G12*(1+설정!$C$23)))) | L12: =IF($I12="","",IFERROR(IF(설정!$C$26="원가 가산",$I12*(1+IF($J12="",설정!$C$24,$J12)),$I12/(1-IF($J12="",설정!$C$24,$J12))),0)) | M12: =IF($I12="","",IFERROR(IF(설정!$C$27<=1,ROUND(IF(설정!$C$26="원가 가산",$L12*(1+IF($K12="",설정!$C$25,$K12)),$I12/(1-IF($J12="",설정!$C$24,$J12)-IF($K12="",설정!$C$25,$K12))),0),CEILING(IF(설정!$C$26="원가 가산",$L12*(1+IF($K12="",설정!$C$25,$K12)),$I12/(1-IF($J12="",설정!$C$24,$J12)-IF($K12="",설정!$C$25,$K12))),설정!$C$27)),0)) | O12: =IF($M12="","",IF($N12="",$M12,$N12)) | P12: =IF($O12="","",IF(설정!$C$26="원가 가산",$I12*IF($J12="",설정!$C$24,$J12),$O12*IF($J12="",설정!$C$24,$J12))) | Q12: =IF($O12="","",$O12-$I12-$P12) | R12: =IF(N($O12)=0,"",$Q12/$O12) | S12: =IF(N($M12)=0,"",$O12/$M12-1) | T12: =IF(N($L12)=0,"",$O12/$L12-1) | U12: =IF($O12="","",$O12*$H12) | V12: =IF($Q12="","",$Q12*$H12)
I13: =IF($D13="","",IF($D13="수입",IF(N($F13)=0,"",$F13*IF($E13="USD",설정!$C$11,IF($E13="CNY",설정!$C$12,1))*(1+설정!$C$17)),IF(N($G13)=0,"",$G13*(1+설정!$C$23)))) | L13: =IF($I13="","",IFERROR(IF(설정!$C$26="원가 가산",$I13*(1+IF($J13="",설정!$C$24,$J13)),$I13/(1-IF($J13="",설정!$C$24,$J13))),0)) | M13: =IF($I13="","",IFERROR(IF(설정!$C$27<=1,ROUND(IF(설정!$C$26="원가 가산",$L13*(1+IF($K13="",설정!$C$25,$K13)),$I13/(1-IF($J13="",설정!$C$24,$J13)-IF($K13="",설정!$C$25,$K13))),0),CEILING(IF(설정!$C$26="원가 가산",$L13*(1+IF($K13="",설정!$C$25,$K13)),$I13/(1-IF($J13="",설정!$C$24,$J13)-IF($K13="",설정!$C$25,$K13))),설정!$C$27)),0)) | O13: =IF($M13="","",IF($N13="",$M13,$N13)) | P13: =IF($O13="","",IF(설정!$C$26="원가 가산",$I13*IF($J13="",설정!$C$24,$J13),$O13*IF($J13="",설정!$C$24,$J13))) | Q13: =IF($O13="","",$O13-$I13-$P13) | R13: =IF(N($O13)=0,"",$Q13/$O13) | S13: =IF(N($M13)=0,"",$O13/$M13-1) | T13: =IF(N($L13)=0,"",$O13/$L13-1) | U13: =IF($O13="","",$O13*$H13) | V13: =IF($Q13="","",$Q13*$H13)
I14: =IF($D14="","",IF($D14="수입",IF(N($F14)=0,"",$F14*IF($E14="USD",설정!$C$11,IF($E14="CNY",설정!$C$12,1))*(1+설정!$C$17)),IF(N($G14)=0,"",$G14*(1+설정!$C$23)))) | L14: =IF($I14="","",IFERROR(IF(설정!$C$26="원가 가산",$I14*(1+IF($J14="",설정!$C$24,$J14)),$I14/(1-IF($J14="",설정!$C$24,$J14))),0)) | M14: =IF($I14="","",IFERROR(IF(설정!$C$27<=1,ROUND(IF(설정!$C$26="원가 가산",$L14*(1+IF($K14="",설정!$C$25,$K14)),$I14/(1-IF($J14="",설정!$C$24,$J14)-IF($K14="",설정!$C$25,$K14))),0),CEILING(IF(설정!$C$26="원가 가산",$L14*(1+IF($K14="",설정!$C$25,$K14)),$I14/(1-IF($J14="",설정!$C$24,$J14)-IF($K14="",설정!$C$25,$K14))),설정!$C$27)),0)) | O14: =IF($M14="","",IF($N14="",$M14,$N14)) | P14: =IF($O14="","",IF(설정!$C$26="원가 가산",$I14*IF($J14="",설정!$C$24,$J14),$O14*IF($J14="",설정!$C$24,$J14))) | Q14: =IF($O14="","",$O14-$I14-$P14) | R14: =IF(N($O14)=0,"",$Q14/$O14) | S14: =IF(N($M14)=0,"",$O14/$M14-1) | T14: =IF(N($L14)=0,"",$O14/$L14-1) | U14: =IF($O14="","",$O14*$H14) | V14: =IF($Q14="","",$Q14*$H14)
I15: =IF($D15="","",IF($D15="수입",IF(N($F15)=0,"",$F15*IF($E15="USD",설정!$C$11,IF($E15="CNY",설정!$C$12,1))*(1+설정!$C$17)),IF(N($G15)=0,"",$G15*(1+설정!$C$23)))) | L15: =IF($I15="","",IFERROR(IF(설정!$C$26="원가 가산",$I15*(1+IF($J15="",설정!$C$24,$J15)),$I15/(1-IF($J15="",설정!$C$24,$J15))),0)) | M15: =IF($I15="","",IFERROR(IF(설정!$C$27<=1,ROUND(IF(설정!$C$26="원가 가산",$L15*(1+IF($K15="",설정!$C$25,$K15)),$I15/(1-IF($J15="",설정!$C$24,$J15)-IF($K15="",설정!$C$25,$K15))),0),CEILING(IF(설정!$C$26="원가 가산",$L15*(1+IF($K15="",설정!$C$25,$K15)),$I15/(1-IF($J15="",설정!$C$24,$J15)-IF($K15="",설정!$C$25,$K15))),설정!$C$27)),0)) | O15: =IF($M15="","",IF($N15="",$M15,$N15)) | P15: =IF($O15="","",IF(설정!$C$26="원가 가산",$I15*IF($J15="",설정!$C$24,$J15),$O15*IF($J15="",설정!$C$24,$J15))) | Q15: =IF($O15="","",$O15-$I15-$P15) | R15: =IF(N($O15)=0,"",$Q15/$O15) | S15: =IF(N($M15)=0,"",$O15/$M15-1) | T15: =IF(N($L15)=0,"",$O15/$L15-1) | U15: =IF($O15="","",$O15*$H15) | V15: =IF($Q15="","",$Q15*$H15)
I16: =IF($D16="","",IF($D16="수입",IF(N($F16)=0,"",$F16*IF($E16="USD",설정!$C$11,IF($E16="CNY",설정!$C$12,1))*(1+설정!$C$17)),IF(N($G16)=0,"",$G16*(1+설정!$C$23)))) | L16: =IF($I16="","",IFERROR(IF(설정!$C$26="원가 가산",$I16*(1+IF($J16="",설정!$C$24,$J16)),$I16/(1-IF($J16="",설정!$C$24,$J16))),0)) | M16: =IF($I16="","",IFERROR(IF(설정!$C$27<=1,ROUND(IF(설정!$C$26="원가 가산",$L16*(1+IF($K16="",설정!$C$25,$K16)),$I16/(1-IF($J16="",설정!$C$24,$J16)-IF($K16="",설정!$C$25,$K16))),0),CEILING(IF(설정!$C$26="원가 가산",$L16*(1+IF($K16="",설정!$C$25,$K16)),$I16/(1-IF($J16="",설정!$C$24,$J16)-IF($K16="",설정!$C$25,$K16))),설정!$C$27)),0)) | O16: =IF($M16="","",IF($N16="",$M16,$N16)) | P16: =IF($O16="","",IF(설정!$C$26="원가 가산",$I16*IF($J16="",설정!$C$24,$J16),$O16*IF($J16="",설정!$C$24,$J16))) | Q16: =IF($O16="","",$O16-$I16-$P16) | R16: =IF(N($O16)=0,"",$Q16/$O16) | S16: =IF(N($M16)=0,"",$O16/$M16-1) | T16: =IF(N($L16)=0,"",$O16/$L16-1) | U16: =IF($O16="","",$O16*$H16) | V16: =IF($Q16="","",$Q16*$H16)
I17: =IF($D17="","",IF($D17="수입",IF(N($F17)=0,"",$F17*IF($E17="USD",설정!$C$11,IF($E17="CNY",설정!$C$12,1))*(1+설정!$C$17)),IF(N($G17)=0,"",$G17*(1+설정!$C$23)))) | L17: =IF($I17="","",IFERROR(IF(설정!$C$26="원가 가산",$I17*(1+IF($J17="",설정!$C$24,$J17)),$I17/(1-IF($J17="",설정!$C$24,$J17))),0)) | M17: =IF($I17="","",IFERROR(IF(설정!$C$27<=1,ROUND(IF(설정!$C$26="원가 가산",$L17*(1+IF($K17="",설정!$C$25,$K17)),$I17/(1-IF($J17="",설정!$C$24,$J17)-IF($K17="",설정!$C$25,$K17))),0),CEILING(IF(설정!$C$26="원가 가산",$L17*(1+IF($K17="",설정!$C$25,$K17)),$I17/(1-IF($J17="",설정!$C$24,$J17)-IF($K17="",설정!$C$25,$K17))),설정!$C$27)),0)) | O17: =IF($M17="","",IF($N17="",$M17,$N17)) | P17: =IF($O17="","",IF(설정!$C$26="원가 가산",$I17*IF($J17="",설정!$C$24,$J17),$O17*IF($J17="",설정!$C$24,$J17))) | Q17: =IF($O17="","",$O17-$I17-$P17) | R17: =IF(N($O17)=0,"",$Q17/$O17) | S17: =IF(N($M17)=0,"",$O17/$M17-1) | T17: =IF(N($L17)=0,"",$O17/$L17-1) | U17: =IF($O17="","",$O17*$H17) | V17: =IF($Q17="","",$Q17*$H17)
I18: =IF($D18="","",IF($D18="수입",IF(N($F18)=0,"",$F18*IF($E18="USD",설정!$C$11,IF($E18="CNY",설정!$C$12,1))*(1+설정!$C$17)),IF(N($G18)=0,"",$G18*(1+설정!$C$23)))) | L18: =IF($I18="","",IFERROR(IF(설정!$C$26="원가 가산",$I18*(1+IF($J18="",설정!$C$24,$J18)),$I18/(1-IF($J18="",설정!$C$24,$J18))),0)) | M18: =IF($I18="","",IFERROR(IF(설정!$C$27<=1,ROUND(IF(설정!$C$26="원가 가산",$L18*(1+IF($K18="",설정!$C$25,$K18)),$I18/(1-IF($J18="",설정!$C$24,$J18)-IF($K18="",설정!$C$25,$K18))),0),CEILING(IF(설정!$C$26="원가 가산",$L18*(1+IF($K18="",설정!$C$25,$K18)),$I18/(1-IF($J18="",설정!$C$24,$J18)-IF($K18="",설정!$C$25,$K18))),설정!$C$27)),0)) | O18: =IF($M18="","",IF($N18="",$M18,$N18)) | P18: =IF($O18="","",IF(설정!$C$26="원가 가산",$I18*IF($J18="",설정!$C$24,$J18),$O18*IF($J18="",설정!$C$24,$J18))) | Q18: =IF($O18="","",$O18-$I18-$P18) | R18: =IF(N($O18)=0,"",$Q18/$O18) | S18: =IF(N($M18)=0,"",$O18/$M18-1) | T18: =IF(N($L18)=0,"",$O18/$L18-1) | U18: =IF($O18="","",$O18*$H18) | V18: =IF($Q18="","",$Q18*$H18)
I19: =IF($D19="","",IF($D19="수입",IF(N($F19)=0,"",$F19*IF($E19="USD",설정!$C$11,IF($E19="CNY",설정!$C$12,1))*(1+설정!$C$17)),IF(N($G19)=0,"",$G19*(1+설정!$C$23)))) | L19: =IF($I19="","",IFERROR(IF(설정!$C$26="원가 가산",$I19*(1+IF($J19="",설정!$C$24,$J19)),$I19/(1-IF($J19="",설정!$C$24,$J19))),0)) | M19: =IF($I19="","",IFERROR(IF(설정!$C$27<=1,ROUND(IF(설정!$C$26="원가 가산",$L19*(1+IF($K19="",설정!$C$25,$K19)),$I19/(1-IF($J19="",설정!$C$24,$J19)-IF($K19="",설정!$C$25,$K19))),0),CEILING(IF(설정!$C$26="원가 가산",$L19*(1+IF($K19="",설정!$C$25,$K19)),$I19/(1-IF($J19="",설정!$C$24,$J19)-IF($K19="",설정!$C$25,$K19))),설정!$C$27)),0)) | O19: =IF($M19="","",IF($N19="",$M19,$N19)) | P19: =IF($O19="","",IF(설정!$C$26="원가 가산",$I19*IF($J19="",설정!$C$24,$J19),$O19*IF($J19="",설정!$C$24,$J19))) | Q19: =IF($O19="","",$O19-$I19-$P19) | R19: =IF(N($O19)=0,"",$Q19/$O19) | S19: =IF(N($M19)=0,"",$O19/$M19-1) | T19: =IF(N($L19)=0,"",$O19/$L19-1) | U19: =IF($O19="","",$O19*$H19) | V19: =IF($Q19="","",$Q19*$H19)
... I45: =IF($D45="","",IF($D45="수입",IF(N($F45)=0,"",$F45*IF($E45="USD",설정!$C$11,IF($E45="CNY",설정!$C$12,1))*(1+설정!$C$17)),IF(N($G45)=0,"",$G45*(1+설정!$C$23)))) | L45: =IF($I45="","",IFERROR(IF(설정!$C$26="원가 가산",$I45*(1+IF($J45="",설정!$C$24,$J45)),$I45/(1-IF($J45="",설정!$C$24,$J45))),0)) | M45: =IF($I45="","",IFERROR(IF(설정!$C$27<=1,ROUND(IF(설정!$C$26="원가 가산",$L45*(1+IF($K45="",설정!$C$25,$K45)),$I45/(1-IF($J45="",설정!$C$24,$J45)-IF($K45="",설정!$C$25,$K45))),0),CEILING(IF(설정!$C$26="원가 가산",$L45*(1+IF($K45="",설정!$C$25,$K45)),$I45/(1-IF($J45="",설정!$C$24,$J45)-IF($K45="",설정!$C$25,$K45))),설정!$C$27)),0)) | O45: =IF($M45="","",IF($N45="",$M45,$N45)) | P45: =IF($O45="","",IF(설정!$C$26="원가 가산",$I45*IF($J45="",설정!$C$24,$J45),$O45*IF($J45="",설정!$C$24,$J45))) | Q45: =IF($O45="","",$O45-$I45-$P45) | R45: =IF(N($O45)=0,"",$Q45/$O45) | S45: =IF(N($M45)=0,"",$O45/$M45-1) | T45: =IF(N($L45)=0,"",$O45/$L45-1) | U45: =IF($O45="","",$O45*$H45) | V45: =IF($Q45="","",$Q45*$H45)
B46: 합계 | H46: =SUM(H6:H45) -> 1000 | R46: =IFERROR(SUM(V6:V45)/SUM(U6:U45),0) -> 0.48223077 | U46: =SUM(U6:U45) -> 32500000 | V46: =SUM(V6:V45) -> 15672500
B48: ① 구분(수입/국내)에 따라 D열(외화 단가) 또는 E열(원화 매입단가) 하나만 채웁니다.
B49: ② H·I열을 비워 두면 설정 시트의 기본 판관비율·영업이익률이 적용됩니다.
B50: ③ K열 기준 유통가를 영업에 전달하고, 영업이 정한 값을 L열(노란 칸)에 적습니다. 비워 두면 기준가가 그대로 적용됩니다.
B51: ④ 최종 유통가가 BEP 가격보다 낮으면 L열이 빨갛게 표시됩니다 — 팔수록 손해라는 뜻입니다.
B52: 샘플 6개 상품은 형식을 보여주기 위한 예시입니다. 실제 상품으로 교체하세요.
B53: 표시 금액은 모두 부가세 별도입니다.

Sheet 사용안내
B2: 사용 안내
B4: 1. 매달 할 일 — 환율 갱신
B5: ① 서울외국환중개 월평균 매매기준율 페이지를 엽니다.
B6: http://www.smbs.biz/ExRate/MonAvgStdExRate.jsp
B7: ② 표에서 해당 월의 미국(USD)과 중국(CNY) 값을 확인합니다.
B8: ③ [월평균환율] 시트에 한 줄 추가합니다. 연월은 2026-08 처럼 텍스트로 입력하세요.
B9: ④ 끝입니다. 오늘이 9월이면 8월 값이 자동으로 잡힙니다.
B11: 2. 자동으로 받아오려면 — 파워쿼리 (Windows 엑셀)
B12: ① [데이터] 탭 → [데이터 가져오기] → [기타 원본에서] → [웹]
B13: ② 위 주소를 넣고 [확인] → 탐색 창에서 월평균 표를 고른 뒤 [데이터 변환]
B14: ③ 연월 · USD · CNY 열만 남기고, 연월을 텍스트로 바꾼 뒤 [닫기 및 로드]
B15: ④ 이후에는 [데이터] → [모두 새로 고침] 한 번이면 갱신됩니다.
... B62: · 이 파일의 환율과 품목은 모두 예시입니다. 실제 값으로 교체한 뒤 사용하세요.

Sheet 설정
B2: 수입자재 판매가 산출 — 설정
B3: 플로우텍 수입 → 태성정밀 공급 · 모든 금액 부가세 별도
B5: ■ 환율
B6: 기준 선택 | C6: 전월 평균 | D6: 전월 평균 / 당월 평균 / 직접 입력 중에서 고릅니다.
B7: 대상 월(날짜) | C7: =EOMONTH(TODAY(),IF($C$6="당월 평균",0,-1)) -> 46265 | D7: 오늘 날짜에서 자동 계산됩니다. 손대지 마세요.
B8: 적용 연월 | C8: =IF($C$6="직접 입력",$C$9,RIGHT("0000"&YEAR($C$7),4)&"-"&RIGHT("00"&MONTH($C$7),2)) -> 2026-08 | D8: 월평균환율 시트에서 이 연월을 찾아 환율을 가져옵니다.
B9: 직접 지정 연월 | C9: 2026-08 | D9: 기준 선택이 "직접 입력"일 때만 사용합니다. YYYY-MM 형식.
B11: 적용 USD / 원 | C11: =IF($C$6="직접 입력",$C$13,IFERROR(INDEX(월평균환율!$C$6:$C$101,MATCH($C$8,월평균환율!$B$6:$B$101,0)),$C$13)) -> 1406.3 | D11: 월평균환율 시트에 해당 연월이 없으면 아래 수동 환율을 씁니다.
B12: 적용 CNY / 원 | C12: =IF($C$6="직접 입력",$C$14,IFERROR(INDEX(월평균환율!$D$6:$D$101,MATCH($C$8,월평균환율!$B$6:$B$101,0)),$C$14)) -> 208.69
B13: 수동 USD / 원 | C13: 1380 | D13: 예비값입니다. 실제 환율로 바꿔 주세요.
B14: 수동 CNY / 원 | C14: 190 | D14: 예비값입니다. 실제 환율로 바꿔 주세요.
B16: ■ 원가 · 이윤
B17: 부대비용률 | C17: 0.1 | D17: 운임 · 관세 · 통관수수료 · 창고/내륙운송 · 환리스크를 통으로 잡은 비율.
B18: 이윤율 | C18: 0.3 | D18: 품목별로 다르게 주려면 판매가산출 시트 G열에 개별 입력하세요.
B19: 계산 방식 | C19: 판매가 마진 | D19: "원가 가산" = 입고원가 × 1.30 · "판매가 마진" = 입고원가 ÷ 0.70
B20: 판매단가 절상 단위 | C20: 100 | D20: 1이면 반올림, 10/100/1000이면 그 단위로 올림 처리합니다.
B22: ■ 상품 판매가 (수입품 · 국내구매품 유통)
B23: 국내 부대비용률 | C23: 0 | D23: 국내구매품의 운반비 · 검수비 등. 없으면 0%.
B24: 판관비율 | C24: 0.087 | D24: 인건비 · 임차료 · 물류 · 판촉 등 판매관리비. 실제 손익계산서 비율로 바꾸세요.
B25: 영업이익률 | C25: 0.1 | D25: 기준 유통가에 얹을 목표 영업이익.
B26: 상품가 계산 방식 | C26: 매출 대비 | D26: "매출 대비" = 매입원가 ÷ (1 − 판관비율 − 영업이익률) · "원가 가산" = 매입원가 × (1+판관비율) × (1+영업이익률)
B27: 기준유통가 절상 단위 | C27: 100 | D27: 1이면 반올림, 100/1000이면 그 단위로 올림.
B29: ■ 범례
B30: 파란 글씨 | C30: 직접 입력하는 칸
B31: 노란 채우기 | C31: 반드시 확인하고 채워야 하는 칸
B32: 검정 글씨 | C32: 수식 — 손대지 마세요
B33: 초록 글씨 | C33: 다른 시트를 참조하는 수식

Sheet 월평균환율
B2: 월평균 매매기준율
B3: 출처: 서울외국환중개 http://www.smbs.biz/ExRate/MonAvgStdExRate.jsp — 매달 갱신하세요.
B5: 연월 | C5: USD / 원 | D5: CNY / 원
B6: 2026-03 | C6: 1391.83 | D6: 195.36
B7: 2026-02 | C7: 1423.36 | D7: 199.82
B8: 2026-01 | C8: 1457.77 | D8: 205.04
B9: 2026-00 | C9: 1467.4 | D9: 208.26
B10: 2026-01 | C10: 1456.51 | D10: 209.08
B11: 2026-02 | C11: 1449.32 | D11: 209.73
B12: 2026-03 | C12: 1486.64 | D12: 215.65
B13: 2026-04 | C13: 1487.39 | D13: 217.41
B14: 2026-05 | C14: 1490.11 | D14: 219.11
B15: 2026-06 | C15: 1527.3 | D15: 225.51
B16: 2026-07 | C16: 1497.43 | D16: 220.94
B17: 2026-08 | C17: 1406.3 | D17: 208.69
B31: 연월은 반드시 텍스트 YYYY-MM 형식으로 넣으세요. 날짜로 바뀌면 설정 시트가 값을 찾지 못합니다.
