Workbook

Sheet 사용안내
B1: 사용 안내
B3: 1. 매달 할 일 — 환율 갱신
B4: ① 서울외국환중개 월평균 매매기준율 페이지를 엽니다.
B5: http://www.smbs.biz/ExRate/MonAvgStdExRate.jsp
B6: ② 표에서 해당 월의 미국(USD)과 중국(CNY) 값을 확인합니다.
B7: ③ [월평균환율] 시트에 한 줄 추가합니다. 연월은 2026-08 처럼 텍스트로 입력하세요.
B8: ④ 끝입니다. 오늘이 9월이면 8월 값이 자동으로 잡힙니다.
B10: 2. 자동으로 받아오려면 — 파워쿼리 (Windows 엑셀)
B11: ① [데이터] 탭 → [데이터 가져오기] → [기타 원본에서] → [웹]
B12: ② 위 주소를 넣고 [확인] → 탐색 창에서 월평균 표를 고른 뒤 [데이터 변환]
B13: ③ 연월 · USD · CNY 열만 남기고, 연월을 텍스트로 바꾼 뒤 [닫기 및 로드]
B14: ④ 이후에는 [데이터] → [모두 새로 고침] 한 번이면 갱신됩니다.
... B61: · 이 파일의 환율과 품목은 모두 예시입니다. 실제 값으로 교체한 뒤 사용하세요.

Sheet 설정
A1: 수입자재 판매가 산출 — 설정
A2: 플로우텍 수입 → 태성정밀 공급 · 모든 금액 부가세 별도
A4: ■ 환율
A5: 기준 선택 | B5: 전월 평균 | C5: 전월 평균 / 당월 평균 / 직접 입력 중에서 고릅니다.
A6: 대상 월(날짜) | B6: =EOMONTH(TODAY(),IF($B$5="당월 평균",0,-1)) | C6: 오늘 날짜에서 자동 계산됩니다. 손대지 마세요.
A7: 적용 연월 | B7: =IF($B$5="직접 입력",$B$8,RIGHT("0000"&YEAR($B$6),4)&"-"&RIGHT("00"&MONTH($B$6),2)) | C7: 월평균환율 시트에서 이 연월을 찾아 환율을 가져옵니다.
A8: 직접 지정 연월 | B8: 2026-08 | C8: 기준 선택이 "직접 입력"일 때만 사용합니다. YYYY-MM 형식.
A10: 적용 USD / 원 | B10: =IF($B$5="직접 입력",$B$12,IFERROR(INDEX(월평균환율!$B$5:$B$100,MATCH($B$7,월평균환율!$A$5:$A$100,0)),$B$12)) | C10: 월평균환율 시트에 해당 연월이 없으면 아래 수동 환율을 씁니다.
A11: 적용 CNY / 원 | B11: =IF($B$5="직접 입력",$B$13,IFERROR(INDEX(월평균환율!$C$5:$C$100,MATCH($B$7,월평균환율!$A$5:$A$100,0)),$B$13))
A12: 수동 USD / 원 | B12: 1380 | C12: 예비값입니다. 실제 환율로 바꿔 주세요.
A13: 수동 CNY / 원 | B13: 190 | C13: 예비값입니다. 실제 환율로 바꿔 주세요.
A15: ■ 원가 · 이윤
A16: 부대비용률 | B16: 0.08 | C16: 운임 · 관세 · 통관수수료 · 창고/내륙운송 · 환리스크를 통으로 잡은 비율.
A17: 이윤율 | B17: 0.3 | C17: 품목별로 다르게 주려면 판매가산출 시트 G열에 개별 입력하세요.
A18: 계산 방식 | B18: 원가 가산 | C18: "원가 가산" = 입고원가 × 1.30 · "판매가 마진" = 입고원가 ÷ 0.70
A19: 판매단가 절상 단위 | B19: 10 | C19: 1이면 반올림, 10/100/1000이면 그 단위로 올림 처리합니다.
A21: ■ 상품 판매가 (수입품 · 국내구매품 유통)
A22: 국내 부대비용률 | B22: 0 | C22: 국내구매품의 운반비 · 검수비 등. 없으면 0%.
A23: 판관비율 | B23: 0.25 | C23: 인건비 · 임차료 · 물류 · 판촉 등 판매관리비. 실제 손익계산서 비율로 바꾸세요.
A24: 영업이익률 | B24: 0.1 | C24: 기준 유통가에 얹을 목표 영업이익.
A25: 상품가 계산 방식 | B25: 매출 대비 | C25: "매출 대비" = 매입원가 ÷ (1 − 판관비율 − 영업이익률) · "원가 가산" = 매입원가 × (1+판관비율) × (1+영업이익률)
A26: 기준유통가 절상 단위 | B26: 100 | C26: 1이면 반올림, 100/1000이면 그 단위로 올림.
A28: ■ 범례
A29: 파란 글씨 | B29: 직접 입력하는 칸
A30: 노란 채우기 | B30: 반드시 확인하고 채워야 하는 칸
A31: 검정 글씨 | B31: 수식 — 손대지 마세요
A32: 초록 글씨 | B32: 다른 시트를 참조하는 수식

Sheet 월평균환율
A1: 월평균 매매기준율
A2: 출처: 서울외국환중개 http://www.smbs.biz/ExRate/MonAvgStdExRate.jsp — 매달 갱신하세요.
A4: 연월 | B4: USD / 원 | C4: CNY / 원
A5: 2026-03 | B5: 1368.15 | C5: 191.55 | D5: 예시 값 — 실제 값으로 교체
A6: 2026-04 | B6: 1342 | C6: 186.05 | D6: 예시 값 — 실제 값으로 교체
A7: 2026-05 | B7: 1350.11 | C7: 187.2 | D7: 예시 값 — 실제 값으로 교체
A8: 2026-06 | B8: 1364.88 | C8: 189.47 | D8: 예시 값 — 실제 값으로 교체
A9: 2026-07 | B9: 1371.02 | C9: 190.88 | D9: 예시 값 — 실제 값으로 교체
A10: 2026-08 | B10: 1382.45 | C10: 192.36 | D10: 예시 값 — 실제 값으로 교체
A30: 연월은 반드시 텍스트 YYYY-MM 형식으로 넣으세요. 날짜로 바뀌면 설정 시트가 값을 찾지 못합니다.

Sheet 판매가산출
A1: 자재 판매가 산출 — 태성정밀 공급
A2: =" 적용 환율: "&설정!$B$7&" · USD "&TEXT(설정!$B$10,"#,##0.00")&" · CNY "&TEXT(설정!$B$11,"#,##0.00")&" · 부대비용 "&TEXT(설정!$B$16,"0.0%")&" · "&설정!$B$18&" "&TEXT(설정!$B$17,"0.0%")
A4: 품목 | B4: 통화 | C4: 외화 단가 | D4: 수량 | E4: 원화 환산 | F4: 입고원가 /개 | G4: 이윤율 | H4: 적용 이윤율 | I4: 판매단가 /개 | J4: 개당 마진 | K4: 마진율 | L4: 판매 합계 | M4: 원가 합계
A5: SUS304 환봉 ø25 | B5: CNY | C5: 42.5 | D5: 120 | E5: =IF(N($C5)=0,"",$C5*IF($B5="USD",설정!$B$10,IF($B5="CNY",설정!$B$11,1))) | F5: =IF($E5="","",$E5*(1+설정!$B$16)) | H5: =IF($E5="","",IF($G5="",설정!$B$17,$G5)) | I5: =IF($F5="","",IFERROR(IF(설정!$B$19<=1,ROUND(IF(설정!$B$18="판매가 마진",$F5/(1-$H5),$F5*(1+$H5)),0),CEILING(IF(설정!$B$18="판매가 마진",$F5/(1-$H5),$F5*(1+$H5)),설정!$B$19)),0)) | J5: =IF($I5="","",$I5-$F5) | K5: =IF(N($I5)=0,"",$J5/$I5) | L5: =IF($I5="","",$I5*$D5) | M5: =IF($F5="","",$F5*$D5)
A6: SUS316L 파이프 1/2" | B6: CNY | C6: 78 | D6: 60 | E6: =IF(N($C6)=0,"",$C6*IF($B6="USD",설정!$B$10,IF($B6="CNY",설정!$B$11,1))) | F6: =IF($E6="","",$E6*(1+설정!$B$16)) | H6: =IF($E6="","",IF($G6="",설정!$B$17,$G6)) | I6: =IF($F6="","",IFERROR(IF(설정!$B$19<=1,ROUND(IF(설정!$B$18="판매가 마진",$F6/(1-$H6),$F6*(1+$H6)),0),CEILING(IF(설정!$B$18="판매가 마진",$F6/(1-$H6),$F6*(1+$H6)),설정!$B$19)),0)) | J6: =IF($I6="","",$I6-$F6) | K6: =IF(N($I6)=0,"",$J6/$I6) | L6: =IF($I6="","",$I6*$D6) | M6: =IF($F6="","",$F6*$D6)
A7: 황동봉 C3604 ø20 | B7: CNY | C7: 36.8 | D7: 200 | E7: =IF(N($C7)=0,"",$C7*IF($B7="USD",설정!$B$10,IF($B7="CNY",설정!$B$11,1))) | F7: =IF($E7="","",$E7*(1+설정!$B$16)) | H7: =IF($E7="","",IF($G7="",설정!$B$17,$G7)) | I7: =IF($F7="","",IFERROR(IF(설정!$B$19<=1,ROUND(IF(설정!$B$18="판매가 마진",$F7/(1-$H7),$F7*(1+$H7)),0),CEILING(IF(설정!$B$18="판매가 마진",$F7/(1-$H7),$F7*(1+$H7)),설정!$B$19)),0)) | J7: =IF($I7="","",$I7-$F7) | K7: =IF(N($I7)=0,"",$J7/$I7) | L7: =IF($I7="","",$I7*$D7) | M7: =IF($F7="","",$F7*$D7)
A8: 알루미늄 빌렛 6061-T6 | B8: USD | C8: 9.4 | D8: 150 | E8: =IF(N($C8)=0,"",$C8*IF($B8="USD",설정!$B$10,IF($B8="CNY",설정!$B$11,1))) | F8: =IF($E8="","",$E8*(1+설정!$B$16)) | H8: =IF($E8="","",IF($G8="",설정!$B$17,$G8)) | I8: =IF($F8="","",IFERROR(IF(설정!$B$19<=1,ROUND(IF(설정!$B$18="판매가 마진",$F8/(1-$H8),$F8*(1+$H8)),0),CEILING(IF(설정!$B$18="판매가 마진",$F8/(1-$H8),$F8*(1+$H8)),설정!$B$19)),0)) | J8: =IF($I8="","",$I8-$F8) | K8: =IF(N($I8)=0,"",$J8/$I8) | L8: =IF($I8="","",$I8*$D8) | M8: =IF($F8="","",$F8*$D8)
A9: 유압 피팅 어댑터 PT1/4 | B9: USD | C9: 3.15 | D9: 800 | E9: =IF(N($C9)=0,"",$C9*IF($B9="USD",설정!$B$10,IF($B9="CNY",설정!$B$11,1))) | F9: =IF($E9="","",$E9*(1+설정!$B$16)) | G9: 0.35 | H9: =IF($E9="","",IF($G9="",설정!$B$17,$G9)) | I9: =IF($F9="","",IFERROR(IF(설정!$B$19<=1,ROUND(IF(설정!$B$18="판매가 마진",$F9/(1-$H9),$F9*(1+$H9)),0),CEILING(IF(설정!$B$18="판매가 마진",$F9/(1-$H9),$F9*(1+$H9)),설정!$B$19)),0)) | J9: =IF($I9="","",$I9-$F9) | K9: =IF(N($I9)=0,"",$J9/$I9) | L9: =IF($I9="","",$I9*$D9) | M9: =IF($F9="","",$F9*$D9)
A10: O-링 NBR P-24 (100EA) | B10: CNY | C10: 11.2 | D10: 40 | E10: =IF(N($C10)=0,"",$C10*IF($B10="USD",설정!$B$10,IF($B10="CNY",설정!$B$11,1))) | F10: =IF($E10="","",$E10*(1+설정!$B$16)) | H10: =IF($E10="","",IF($G10="",설정!$B$17,$G10)) | I10: =IF($F10="","",IFERROR(IF(설정!$B$19<=1,ROUND(IF(설정!$B$18="판매가 마진",$F10/(1-$H10),$F10*(1+$H10)),0),CEILING(IF(설정!$B$18="판매가 마진",$F10/(1-$H10),$F10*(1+$H10)),설정!$B$19)),0)) | J10: =IF($I10="","",$I10-$F10) | K10: =IF(N($I10)=0,"",$J10/$I10) | L10: =IF($I10="","",$I10*$D10) | M10: =IF($F10="","",$F10*$D10)
E11: =IF(N($C11)=0,"",$C11*IF($B11="USD",설정!$B$10,IF($B11="CNY",설정!$B$11,1))) | F11: =IF($E11="","",$E11*(1+설정!$B$16)) | H11: =IF($E11="","",IF($G11="",설정!$B$17,$G11)) | I11: =IF($F11="","",IFERROR(IF(설정!$B$19<=1,ROUND(IF(설정!$B$18="판매가 마진",$F11/(1-$H11),$F11*(1+$H11)),0),CEILING(IF(설정!$B$18="판매가 마진",$F11/(1-$H11),$F11*(1+$H11)),설정!$B$19)),0)) | J11: =IF($I11="","",$I11-$F11) | K11: =IF(N($I11)=0,"",$J11/$I11) | L11: =IF($I11="","",$I11*$D11) | M11: =IF($F11="","",$F11*$D11)
E12: =IF(N($C12)=0,"",$C12*IF($B12="USD",설정!$B$10,IF($B12="CNY",설정!$B$11,1))) | F12: =IF($E12="","",$E12*(1+설정!$B$16)) | H12: =IF($E12="","",IF($G12="",설정!$B$17,$G12)) | I12: =IF($F12="","",IFERROR(IF(설정!$B$19<=1,ROUND(IF(설정!$B$18="판매가 마진",$F12/(1-$H12),$F12*(1+$H12)),0),CEILING(IF(설정!$B$18="판매가 마진",$F12/(1-$H12),$F12*(1+$H12)),설정!$B$19)),0)) | J12: =IF($I12="","",$I12-$F12) | K12: =IF(N($I12)=0,"",$J12/$I12) | L12: =IF($I12="","",$I12*$D12) | M12: =IF($F12="","",$F12*$D12)
E13: =IF(N($C13)=0,"",$C13*IF($B13="USD",설정!$B$10,IF($B13="CNY",설정!$B$11,1))) | F13: =IF($E13="","",$E13*(1+설정!$B$16)) | H13: =IF($E13="","",IF($G13="",설정!$B$17,$G13)) | I13: =IF($F13="","",IFERROR(IF(설정!$B$19<=1,ROUND(IF(설정!$B$18="판매가 마진",$F13/(1-$H13),$F13*(1+$H13)),0),CEILING(IF(설정!$B$18="판매가 마진",$F13/(1-$H13),$F13*(1+$H13)),설정!$B$19)),0)) | J13: =IF($I13="","",$I13-$F13) | K13: =IF(N($I13)=0,"",$J13/$I13) | L13: =IF($I13="","",$I13*$D13) | M13: =IF($F13="","",$F13*$D13)
E14: =IF(N($C14)=0,"",$C14*IF($B14="USD",설정!$B$10,IF($B14="CNY",설정!$B$11,1))) | F14: =IF($E14="","",$E14*(1+설정!$B$16)) | H14: =IF($E14="","",IF($G14="",설정!$B$17,$G14)) | I14: =IF($F14="","",IFERROR(IF(설정!$B$19<=1,ROUND(IF(설정!$B$18="판매가 마진",$F14/(1-$H14),$F14*(1+$H14)),0),CEILING(IF(설정!$B$18="판매가 마진",$F14/(1-$H14),$F14*(1+$H14)),설정!$B$19)),0)) | J14: =IF($I14="","",$I14-$F14) | K14: =IF(N($I14)=0,"",$J14/$I14) | L14: =IF($I14="","",$I14*$D14) | M14: =IF($F14="","",$F14*$D14)
E15: =IF(N($C15)=0,"",$C15*IF($B15="USD",설정!$B$10,IF($B15="CNY",설정!$B$11,1))) | F15: =IF($E15="","",$E15*(1+설정!$B$16)) | H15: =IF($E15="","",IF($G15="",설정!$B$17,$G15)) | I15: =IF($F15="","",IFERROR(IF(설정!$B$19<=1,ROUND(IF(설정!$B$18="판매가 마진",$F15/(1-$H15),$F15*(1+$H15)),0),CEILING(IF(설정!$B$18="판매가 마진",$F15/(1-$H15),$F15*(1+$H15)),설정!$B$19)),0)) | J15: =IF($I15="","",$I15-$F15) | K15: =IF(N($I15)=0,"",$J15/$I15) | L15: =IF($I15="","",$I15*$D15) | M15: =IF($F15="","",$F15*$D15)
E16: =IF(N($C16)=0,"",$C16*IF($B16="USD",설정!$B$10,IF($B16="CNY",설정!$B$11,1))) | F16: =IF($E16="","",$E16*(1+설정!$B$16)) | H16: =IF($E16="","",IF($G16="",설정!$B$17,$G16)) | I16: =IF($F16="","",IFERROR(IF(설정!$B$19<=1,ROUND(IF(설정!$B$18="판매가 마진",$F16/(1-$H16),$F16*(1+$H16)),0),CEILING(IF(설정!$B$18="판매가 마진",$F16/(1-$H16),$F16*(1+$H16)),설정!$B$19)),0)) | J16: =IF($I16="","",$I16-$F16) | K16: =IF(N($I16)=0,"",$J16/$I16) | L16: =IF($I16="","",$I16*$D16) | M16: =IF($F16="","",$F16*$D16)
E17: =IF(N($C17)=0,"",$C17*IF($B17="USD",설정!$B$10,IF($B17="CNY",설정!$B$11,1))) | F17: =IF($E17="","",$E17*(1+설정!$B$16)) | H17: =IF($E17="","",IF($G17="",설정!$B$17,$G17)) | I17: =IF($F17="","",IFERROR(IF(설정!$B$19<=1,ROUND(IF(설정!$B$18="판매가 마진",$F17/(1-$H17),$F17*(1+$H17)),0),CEILING(IF(설정!$B$18="판매가 마진",$F17/(1-$H17),$F17*(1+$H17)),설정!$B$19)),0)) | J17: =IF($I17="","",$I17-$F17) | K17: =IF(N($I17)=0,"",$J17/$I17) | L17: =IF($I17="","",$I17*$D17) | M17: =IF($F17="","",$F17*$D17)
E18: =IF(N($C18)=0,"",$C18*IF($B18="USD",설정!$B$10,IF($B18="CNY",설정!$B$11,1))) | F18: =IF($E18="","",$E18*(1+설정!$B$16)) | H18: =IF($E18="","",IF($G18="",설정!$B$17,$G18)) | I18: =IF($F18="","",IFERROR(IF(설정!$B$19<=1,ROUND(IF(설정!$B$18="판매가 마진",$F18/(1-$H18),$F18*(1+$H18)),0),CEILING(IF(설정!$B$18="판매가 마진",$F18/(1-$H18),$F18*(1+$H18)),설정!$B$19)),0)) | J18: =IF($I18="","",$I18-$F18) | K18: =IF(N($I18)=0,"",$J18/$I18) | L18: =IF($I18="","",$I18*$D18) | M18: =IF($F18="","",$F18*$D18)
E19: =IF(N($C19)=0,"",$C19*IF($B19="USD",설정!$B$10,IF($B19="CNY",설정!$B$11,1))) | F19: =IF($E19="","",$E19*(1+설정!$B$16)) | H19: =IF($E19="","",IF($G19="",설정!$B$17,$G19)) | I19: =IF($F19="","",IFERROR(IF(설정!$B$19<=1,ROUND(IF(설정!$B$18="판매가 마진",$F19/(1-$H19),$F19*(1+$H19)),0),CEILING(IF(설정!$B$18="판매가 마진",$F19/(1-$H19),$F19*(1+$H19)),설정!$B$19)),0)) | J19: =IF($I19="","",$I19-$F19) | K19: =IF(N($I19)=0,"",$J19/$I19) | L19: =IF($I19="","",$I19*$D19) | M19: =IF($F19="","",$F19*$D19)
E20: =IF(N($C20)=0,"",$C20*IF($B20="USD",설정!$B$10,IF($B20="CNY",설정!$B$11,1))) | F20: =IF($E20="","",$E20*(1+설정!$B$16)) | H20: =IF($E20="","",IF($G20="",설정!$B$17,$G20)) | I20: =IF($F20="","",IFERROR(IF(설정!$B$19<=1,ROUND(IF(설정!$B$18="판매가 마진",$F20/(1-$H20),$F20*(1+$H20)),0),CEILING(IF(설정!$B$18="판매가 마진",$F20/(1-$H20),$F20*(1+$H20)),설정!$B$19)),0)) | J20: =IF($I20="","",$I20-$F20) | K20: =IF(N($I20)=0,"",$J20/$I20) | L20: =IF($I20="","",$I20*$D20) | M20: =IF($F20="","",$F20*$D20)
E21: =IF(N($C21)=0,"",$C21*IF($B21="USD",설정!$B$10,IF($B21="CNY",설정!$B$11,1))) | F21: =IF($E21="","",$E21*(1+설정!$B$16)) | H21: =IF($E21="","",IF($G21="",설정!$B$17,$G21)) | I21: =IF($F21="","",IFERROR(IF(설정!$B$19<=1,ROUND(IF(설정!$B$18="판매가 마진",$F21/(1-$H21),$F21*(1+$H21)),0),CEILING(IF(설정!$B$18="판매가 마진",$F21/(1-$H21),$F21*(1+$H21)),설정!$B$19)),0)) | J21: =IF($I21="","",$I21-$F21) | K21: =IF(N($I21)=0,"",$J21/$I21) | L21: =IF($I21="","",$I21*$D21) | M21: =IF($F21="","",$F21*$D21)
E22: =IF(N($C22)=0,"",$C22*IF($B22="USD",설정!$B$10,IF($B22="CNY",설정!$B$11,1))) | F22: =IF($E22="","",$E22*(1+설정!$B$16)) | H22: =IF($E22="","",IF($G22="",설정!$B$17,$G22)) | I22: =IF($F22="","",IFERROR(IF(설정!$B$19<=1,ROUND(IF(설정!$B$18="판매가 마진",$F22/(1-$H22),$F22*(1+$H22)),0),CEILING(IF(설정!$B$18="판매가 마진",$F22/(1-$H22),$F22*(1+$H22)),설정!$B$19)),0)) | J22: =IF($I22="","",$I22-$F22) | K22: =IF(N($I22)=0,"",$J22/$I22) | L22: =IF($I22="","",$I22*$D22) | M22: =IF($F22="","",$F22*$D22)
... E44: =IF(N($C44)=0,"",$C44*IF($B44="USD",설정!$B$10,IF($B44="CNY",설정!$B$11,1))) | F44: =IF($E44="","",$E44*(1+설정!$B$16)) | H44: =IF($E44="","",IF($G44="",설정!$B$17,$G44)) | I44: =IF($F44="","",IFERROR(IF(설정!$B$19<=1,ROUND(IF(설정!$B$18="판매가 마진",$F44/(1-$H44),$F44*(1+$H44)),0),CEILING(IF(설정!$B$18="판매가 마진",$F44/(1-$H44),$F44*(1+$H44)),설정!$B$19)),0)) | J44: =IF($I44="","",$I44-$F44) | K44: =IF(N($I44)=0,"",$J44/$I44) | L44: =IF($I44="","",$I44*$D44) | M44: =IF($F44="","",$F44*$D44)
A45: 합계 | D45: =SUM(D5:D44) | J45: =SUM(J5:J44) | K45: =IFERROR(SUM(J5:J44)/SUM(L5:L44),0) | L45: =SUM(L5:L44) | M45: =SUM(M5:M44)
A47: 파란 글씨 칸(A~D, G)만 입력하세요. 나머지는 수식입니다.
A48: G열 이윤율을 비워 두면 설정 시트의 기본 이윤율이 적용됩니다.
A49: 샘플 6개 품목은 형식을 보여주기 위한 예시입니다. 실제 품목으로 교체하세요.
A50: 표시 금액은 모두 부가세 별도, 태성정밀 공급가 기준입니다.

Sheet 상품판매가
A1: 상품 판매가 산출 — 수입품 · 국내구매품 유통
A2: ="매입원가 → 판관비 "&TEXT(설정!$B$23,"0.0%")&" → BEP 가격 → 영업이익 "&TEXT(설정!$B$24,"0.0%")&" → 기준 유통가 → (영업) 최종 유통가 · "&설정!$B$25&" 방식"
A4: 상품 | B4: 구분 | C4: 통화 | D4: 외화 단가 | E4: 원화 매입단가 | F4: 수량 | G4: 매입원가 /개 | H4: 판관비율 | I4: 영업이익률 | J4: BEP 가격 | K4: 기준 유통가 | L4: 최종 유통가 (영업 입력) | M4: 적용가 | N4: 판관비 /개 | O4: 영업이익 /개 | P4: 영업이익률 (실제) | Q4: 기준가 대비 | R4: BEP 대비 | S4: 매출 합계 | T4: 영업이익 합계
A5: 전자식 유량계 DN50 | B5: 수입 | C5: USD | D5: 420 | F5: 12 | G5: =IF($B5="","",IF($B5="수입",IF(N($D5)=0,"",$D5*IF($C5="USD",설정!$B$10,IF($C5="CNY",설정!$B$11,1))*(1+설정!$B$16)),IF(N($E5)=0,"",$E5*(1+설정!$B$22)))) | J5: =IF($G5="","",IFERROR(IF(설정!$B$25="원가 가산",$G5*(1+IF($H5="",설정!$B$23,$H5)),$G5/(1-IF($H5="",설정!$B$23,$H5))),0)) | K5: =IF($G5="","",IFERROR(IF(설정!$B$26<=1,ROUND(IF(설정!$B$25="원가 가산",$J5*(1+IF($I5="",설정!$B$24,$I5)),$G5/(1-IF($H5="",설정!$B$23,$H5)-IF($I5="",설정!$B$24,$I5))),0),CEILING(IF(설정!$B$25="원가 가산",$J5*(1+IF($I5="",설정!$B$24,$I5)),$G5/(1-IF($H5="",설정!$B$23,$H5)-IF($I5="",설정!$B$24,$I5))),설정!$B$26)),0)) | M5: =IF($K5="","",IF($L5="",$K5,$L5)) | N5: =IF($M5="","",IF(설정!$B$25="원가 가산",$G5*IF($H5="",설정!$B$23,$H5),$M5*IF($H5="",설정!$B$23,$H5))) | O5: =IF($M5="","",$M5-$G5-$N5) | P5: =IF(N($M5)=0,"",$O5/$M5) | Q5: =IF(N($K5)=0,"",$M5/$K5-1) | R5: =IF(N($J5)=0,"",$M5/$J5-1) | S5: =IF($M5="","",$M5*$F5) | T5: =IF($O5="","",$O5*$F5)
A6: 스테인리스 볼밸브 2" | B6: 수입 | C6: CNY | D6: 268 | F6: 40 | G6: =IF($B6="","",IF($B6="수입",IF(N($D6)=0,"",$D6*IF($C6="USD",설정!$B$10,IF($C6="CNY",설정!$B$11,1))*(1+설정!$B$16)),IF(N($E6)=0,"",$E6*(1+설정!$B$22)))) | J6: =IF($G6="","",IFERROR(IF(설정!$B$25="원가 가산",$G6*(1+IF($H6="",설정!$B$23,$H6)),$G6/(1-IF($H6="",설정!$B$23,$H6))),0)) | K6: =IF($G6="","",IFERROR(IF(설정!$B$26<=1,ROUND(IF(설정!$B$25="원가 가산",$J6*(1+IF($I6="",설정!$B$24,$I6)),$G6/(1-IF($H6="",설정!$B$23,$H6)-IF($I6="",설정!$B$24,$I6))),0),CEILING(IF(설정!$B$25="원가 가산",$J6*(1+IF($I6="",설정!$B$24,$I6)),$G6/(1-IF($H6="",설정!$B$23,$H6)-IF($I6="",설정!$B$24,$I6))),설정!$B$26)),0)) | L6: 72000 | M6: =IF($K6="","",IF($L6="",$K6,$L6)) | N6: =IF($M6="","",IF(설정!$B$25="원가 가산",$G6*IF($H6="",설정!$B$23,$H6),$M6*IF($H6="",설정!$B$23,$H6))) | O6: =IF($M6="","",$M6-$G6-$N6) | P6: =IF(N($M6)=0,"",$O6/$M6) | Q6: =IF(N($K6)=0,"",$M6/$K6-1) | R6: =IF(N($J6)=0,"",$M6/$J6-1) | S6: =IF($M6="","",$M6*$F6) | T6: =IF($O6="","",$O6*$F6)
A7: 압력계 100A 0~10bar | B7: 수입 | C7: CNY | D7: 41.5 | F7: 150 | G7: =IF($B7="","",IF($B7="수입",IF(N($D7)=0,"",$D7*IF($C7="USD",설정!$B$10,IF($C7="CNY",설정!$B$11,1))*(1+설정!$B$16)),IF(N($E7)=0,"",$E7*(1+설정!$B$22)))) | J7: =IF($G7="","",IFERROR(IF(설정!$B$25="원가 가산",$G7*(1+IF($H7="",설정!$B$23,$H7)),$G7/(1-IF($H7="",설정!$B$23,$H7))),0)) | K7: =IF($G7="","",IFERROR(IF(설정!$B$26<=1,ROUND(IF(설정!$B$25="원가 가산",$J7*(1+IF($I7="",설정!$B$24,$I7)),$G7/(1-IF($H7="",설정!$B$23,$H7)-IF($I7="",설정!$B$24,$I7))),0),CEILING(IF(설정!$B$25="원가 가산",$J7*(1+IF($I7="",설정!$B$24,$I7)),$G7/(1-IF($H7="",설정!$B$23,$H7)-IF($I7="",설정!$B$24,$I7))),설정!$B$26)),0)) | M7: =IF($K7="","",IF($L7="",$K7,$L7)) | N7: =IF($M7="","",IF(설정!$B$25="원가 가산",$G7*IF($H7="",설정!$B$23,$H7),$M7*IF($H7="",설정!$B$23,$H7))) | O7: =IF($M7="","",$M7-$G7-$N7) | P7: =IF(N($M7)=0,"",$O7/$M7) | Q7: =IF(N($K7)=0,"",$M7/$K7-1) | R7: =IF(N($J7)=0,"",$M7/$J7-1) | S7: =IF($M7="","",$M7*$F7) | T7: =IF($O7="","",$O7*$F7)
A8: 솔레노이드 밸브 1/2" | B8: 국내 | E8: 38500 | F8: 60 | G8: =IF($B8="","",IF($B8="수입",IF(N($D8)=0,"",$D8*IF($C8="USD",설정!$B$10,IF($C8="CNY",설정!$B$11,1))*(1+설정!$B$16)),IF(N($E8)=0,"",$E8*(1+설정!$B$22)))) | I8: 0.12 | J8: =IF($G8="","",IFERROR(IF(설정!$B$25="원가 가산",$G8*(1+IF($H8="",설정!$B$23,$H8)),$G8/(1-IF($H8="",설정!$B$23,$H8))),0)) | K8: =IF($G8="","",IFERROR(IF(설정!$B$26<=1,ROUND(IF(설정!$B$25="원가 가산",$J8*(1+IF($I8="",설정!$B$24,$I8)),$G8/(1-IF($H8="",설정!$B$23,$H8)-IF($I8="",설정!$B$24,$I8))),0),CEILING(IF(설정!$B$25="원가 가산",$J8*(1+IF($I8="",설정!$B$24,$I8)),$G8/(1-IF($H8="",설정!$B$23,$H8)-IF($I8="",설정!$B$24,$I8))),설정!$B$26)),0)) | M8: =IF($K8="","",IF($L8="",$K8,$L8)) | N8: =IF($M8="","",IF(설정!$B$25="원가 가산",$G8*IF($H8="",설정!$B$23,$H8),$M8*IF($H8="",설정!$B$23,$H8))) | O8: =IF($M8="","",$M8-$G8-$N8) | P8: =IF(N($M8)=0,"",$O8/$M8) | Q8: =IF(N($K8)=0,"",$M8/$K8-1) | R8: =IF(N($J8)=0,"",$M8/$J8-1) | S8: =IF($M8="","",$M8*$F8) | T8: =IF($O8="","",$O8*$F8)
A9: 호스릴 어셈블리 20m | B9: 국내 | E9: 112000 | F9: 15 | G9: =IF($B9="","",IF($B9="수입",IF(N($D9)=0,"",$D9*IF($C9="USD",설정!$B$10,IF($C9="CNY",설정!$B$11,1))*(1+설정!$B$16)),IF(N($E9)=0,"",$E9*(1+설정!$B$22)))) | H9: 0.22 | J9: =IF($G9="","",IFERROR(IF(설정!$B$25="원가 가산",$G9*(1+IF($H9="",설정!$B$23,$H9)),$G9/(1-IF($H9="",설정!$B$23,$H9))),0)) | K9: =IF($G9="","",IFERROR(IF(설정!$B$26<=1,ROUND(IF(설정!$B$25="원가 가산",$J9*(1+IF($I9="",설정!$B$24,$I9)),$G9/(1-IF($H9="",설정!$B$23,$H9)-IF($I9="",설정!$B$24,$I9))),0),CEILING(IF(설정!$B$25="원가 가산",$J9*(1+IF($I9="",설정!$B$24,$I9)),$G9/(1-IF($H9="",설정!$B$23,$H9)-IF($I9="",설정!$B$24,$I9))),설정!$B$26)),0)) | L9: 210000 | M9: =IF($K9="","",IF($L9="",$K9,$L9)) | N9: =IF($M9="","",IF(설정!$B$25="원가 가산",$G9*IF($H9="",설정!$B$23,$H9),$M9*IF($H9="",설정!$B$23,$H9))) | O9: =IF($M9="","",$M9-$G9-$N9) | P9: =IF(N($M9)=0,"",$O9/$M9) | Q9: =IF(N($K9)=0,"",$M9/$K9-1) | R9: =IF(N($J9)=0,"",$M9/$J9-1) | S9: =IF($M9="","",$M9*$F9) | T9: =IF($O9="","",$O9*$F9)
A10: 차압 트랜스미터 | B10: 수입 | C10: USD | D10: 385 | F10: 8 | G10: =IF($B10="","",IF($B10="수입",IF(N($D10)=0,"",$D10*IF($C10="USD",설정!$B$10,IF($C10="CNY",설정!$B$11,1))*(1+설정!$B$16)),IF(N($E10)=0,"",$E10*(1+설정!$B$22)))) | I10: 0.15 | J10: =IF($G10="","",IFERROR(IF(설정!$B$25="원가 가산",$G10*(1+IF($H10="",설정!$B$23,$H10)),$G10/(1-IF($H10="",설정!$B$23,$H10))),0)) | K10: =IF($G10="","",IFERROR(IF(설정!$B$26<=1,ROUND(IF(설정!$B$25="원가 가산",$J10*(1+IF($I10="",설정!$B$24,$I10)),$G10/(1-IF($H10="",설정!$B$23,$H10)-IF($I10="",설정!$B$24,$I10))),0),CEILING(IF(설정!$B$25="원가 가산",$J10*(1+IF($I10="",설정!$B$24,$I10)),$G10/(1-IF($H10="",설정!$B$23,$H10)-IF($I10="",설정!$B$24,$I10))),설정!$B$26)),0)) | M10: =IF($K10="","",IF($L10="",$K10,$L10)) | N10: =IF($M10="","",IF(설정!$B$25="원가 가산",$G10*IF($H10="",설정!$B$23,$H10),$M10*IF($H10="",설정!$B$23,$H10))) | O10: =IF($M10="","",$M10-$G10-$N10) | P10: =IF(N($M10)=0,"",$O10/$M10) | Q10: =IF(N($K10)=0,"",$M10/$K10-1) | R10: =IF(N($J10)=0,"",$M10/$J10-1) | S10: =IF($M10="","",$M10*$F10) | T10: =IF($O10="","",$O10*$F10)
G11: =IF($B11="","",IF($B11="수입",IF(N($D11)=0,"",$D11*IF($C11="USD",설정!$B$10,IF($C11="CNY",설정!$B$11,1))*(1+설정!$B$16)),IF(N($E11)=0,"",$E11*(1+설정!$B$22)))) | J11: =IF($G11="","",IFERROR(IF(설정!$B$25="원가 가산",$G11*(1+IF($H11="",설정!$B$23,$H11)),$G11/(1-IF($H11="",설정!$B$23,$H11))),0)) | K11: =IF($G11="","",IFERROR(IF(설정!$B$26<=1,ROUND(IF(설정!$B$25="원가 가산",$J11*(1+IF($I11="",설정!$B$24,$I11)),$G11/(1-IF($H11="",설정!$B$23,$H11)-IF($I11="",설정!$B$24,$I11))),0),CEILING(IF(설정!$B$25="원가 가산",$J11*(1+IF($I11="",설정!$B$24,$I11)),$G11/(1-IF($H11="",설정!$B$23,$H11)-IF($I11="",설정!$B$24,$I11))),설정!$B$26)),0)) | M11: =IF($K11="","",IF($L11="",$K11,$L11)) | N11: =IF($M11="","",IF(설정!$B$25="원가 가산",$G11*IF($H11="",설정!$B$23,$H11),$M11*IF($H11="",설정!$B$23,$H11))) | O11: =IF($M11="","",$M11-$G11-$N11) | P11: =IF(N($M11)=0,"",$O11/$M11) | Q11: =IF(N($K11)=0,"",$M11/$K11-1) | R11: =IF(N($J11)=0,"",$M11/$J11-1) | S11: =IF($M11="","",$M11*$F11) | T11: =IF($O11="","",$O11*$F11)
G12: =IF($B12="","",IF($B12="수입",IF(N($D12)=0,"",$D12*IF($C12="USD",설정!$B$10,IF($C12="CNY",설정!$B$11,1))*(1+설정!$B$16)),IF(N($E12)=0,"",$E12*(1+설정!$B$22)))) | J12: =IF($G12="","",IFERROR(IF(설정!$B$25="원가 가산",$G12*(1+IF($H12="",설정!$B$23,$H12)),$G12/(1-IF($H12="",설정!$B$23,$H12))),0)) | K12: =IF($G12="","",IFERROR(IF(설정!$B$26<=1,ROUND(IF(설정!$B$25="원가 가산",$J12*(1+IF($I12="",설정!$B$24,$I12)),$G12/(1-IF($H12="",설정!$B$23,$H12)-IF($I12="",설정!$B$24,$I12))),0),CEILING(IF(설정!$B$25="원가 가산",$J12*(1+IF($I12="",설정!$B$24,$I12)),$G12/(1-IF($H12="",설정!$B$23,$H12)-IF($I12="",설정!$B$24,$I12))),설정!$B$26)),0)) | M12: =IF($K12="","",IF($L12="",$K12,$L12)) | N12: =IF($M12="","",IF(설정!$B$25="원가 가산",$G12*IF($H12="",설정!$B$23,$H12),$M12*IF($H12="",설정!$B$23,$H12))) | O12: =IF($M12="","",$M12-$G12-$N12) | P12: =IF(N($M12)=0,"",$O12/$M12) | Q12: =IF(N($K12)=0,"",$M12/$K12-1) | R12: =IF(N($J12)=0,"",$M12/$J12-1) | S12: =IF($M12="","",$M12*$F12) | T12: =IF($O12="","",$O12*$F12)
G13: =IF($B13="","",IF($B13="수입",IF(N($D13)=0,"",$D13*IF($C13="USD",설정!$B$10,IF($C13="CNY",설정!$B$11,1))*(1+설정!$B$16)),IF(N($E13)=0,"",$E13*(1+설정!$B$22)))) | J13: =IF($G13="","",IFERROR(IF(설정!$B$25="원가 가산",$G13*(1+IF($H13="",설정!$B$23,$H13)),$G13/(1-IF($H13="",설정!$B$23,$H13))),0)) | K13: =IF($G13="","",IFERROR(IF(설정!$B$26<=1,ROUND(IF(설정!$B$25="원가 가산",$J13*(1+IF($I13="",설정!$B$24,$I13)),$G13/(1-IF($H13="",설정!$B$23,$H13)-IF($I13="",설정!$B$24,$I13))),0),CEILING(IF(설정!$B$25="원가 가산",$J13*(1+IF($I13="",설정!$B$24,$I13)),$G13/(1-IF($H13="",설정!$B$23,$H13)-IF($I13="",설정!$B$24,$I13))),설정!$B$26)),0)) | M13: =IF($K13="","",IF($L13="",$K13,$L13)) | N13: =IF($M13="","",IF(설정!$B$25="원가 가산",$G13*IF($H13="",설정!$B$23,$H13),$M13*IF($H13="",설정!$B$23,$H13))) | O13: =IF($M13="","",$M13-$G13-$N13) | P13: =IF(N($M13)=0,"",$O13/$M13) | Q13: =IF(N($K13)=0,"",$M13/$K13-1) | R13: =IF(N($J13)=0,"",$M13/$J13-1) | S13: =IF($M13="","",$M13*$F13) | T13: =IF($O13="","",$O13*$F13)
G14: =IF($B14="","",IF($B14="수입",IF(N($D14)=0,"",$D14*IF($C14="USD",설정!$B$10,IF($C14="CNY",설정!$B$11,1))*(1+설정!$B$16)),IF(N($E14)=0,"",$E14*(1+설정!$B$22)))) | J14: =IF($G14="","",IFERROR(IF(설정!$B$25="원가 가산",$G14*(1+IF($H14="",설정!$B$23,$H14)),$G14/(1-IF($H14="",설정!$B$23,$H14))),0)) | K14: =IF($G14="","",IFERROR(IF(설정!$B$26<=1,ROUND(IF(설정!$B$25="원가 가산",$J14*(1+IF($I14="",설정!$B$24,$I14)),$G14/(1-IF($H14="",설정!$B$23,$H14)-IF($I14="",설정!$B$24,$I14))),0),CEILING(IF(설정!$B$25="원가 가산",$J14*(1+IF($I14="",설정!$B$24,$I14)),$G14/(1-IF($H14="",설정!$B$23,$H14)-IF($I14="",설정!$B$24,$I14))),설정!$B$26)),0)) | M14: =IF($K14="","",IF($L14="",$K14,$L14)) | N14: =IF($M14="","",IF(설정!$B$25="원가 가산",$G14*IF($H14="",설정!$B$23,$H14),$M14*IF($H14="",설정!$B$23,$H14))) | O14: =IF($M14="","",$M14-$G14-$N14) | P14: =IF(N($M14)=0,"",$O14/$M14) | Q14: =IF(N($K14)=0,"",$M14/$K14-1) | R14: =IF(N($J14)=0,"",$M14/$J14-1) | S14: =IF($M14="","",$M14*$F14) | T14: =IF($O14="","",$O14*$F14)
G15: =IF($B15="","",IF($B15="수입",IF(N($D15)=0,"",$D15*IF($C15="USD",설정!$B$10,IF($C15="CNY",설정!$B$11,1))*(1+설정!$B$16)),IF(N($E15)=0,"",$E15*(1+설정!$B$22)))) | J15: =IF($G15="","",IFERROR(IF(설정!$B$25="원가 가산",$G15*(1+IF($H15="",설정!$B$23,$H15)),$G15/(1-IF($H15="",설정!$B$23,$H15))),0)) | K15: =IF($G15="","",IFERROR(IF(설정!$B$26<=1,ROUND(IF(설정!$B$25="원가 가산",$J15*(1+IF($I15="",설정!$B$24,$I15)),$G15/(1-IF($H15="",설정!$B$23,$H15)-IF($I15="",설정!$B$24,$I15))),0),CEILING(IF(설정!$B$25="원가 가산",$J15*(1+IF($I15="",설정!$B$24,$I15)),$G15/(1-IF($H15="",설정!$B$23,$H15)-IF($I15="",설정!$B$24,$I15))),설정!$B$26)),0)) | M15: =IF($K15="","",IF($L15="",$K15,$L15)) | N15: =IF($M15="","",IF(설정!$B$25="원가 가산",$G15*IF($H15="",설정!$B$23,$H15),$M15*IF($H15="",설정!$B$23,$H15))) | O15: =IF($M15="","",$M15-$G15-$N15) | P15: =IF(N($M15)=0,"",$O15/$M15) | Q15: =IF(N($K15)=0,"",$M15/$K15-1) | R15: =IF(N($J15)=0,"",$M15/$J15-1) | S15: =IF($M15="","",$M15*$F15) | T15: =IF($O15="","",$O15*$F15)
G16: =IF($B16="","",IF($B16="수입",IF(N($D16)=0,"",$D16*IF($C16="USD",설정!$B$10,IF($C16="CNY",설정!$B$11,1))*(1+설정!$B$16)),IF(N($E16)=0,"",$E16*(1+설정!$B$22)))) | J16: =IF($G16="","",IFERROR(IF(설정!$B$25="원가 가산",$G16*(1+IF($H16="",설정!$B$23,$H16)),$G16/(1-IF($H16="",설정!$B$23,$H16))),0)) | K16: =IF($G16="","",IFERROR(IF(설정!$B$26<=1,ROUND(IF(설정!$B$25="원가 가산",$J16*(1+IF($I16="",설정!$B$24,$I16)),$G16/(1-IF($H16="",설정!$B$23,$H16)-IF($I16="",설정!$B$24,$I16))),0),CEILING(IF(설정!$B$25="원가 가산",$J16*(1+IF($I16="",설정!$B$24,$I16)),$G16/(1-IF($H16="",설정!$B$23,$H16)-IF($I16="",설정!$B$24,$I16))),설정!$B$26)),0)) | M16: =IF($K16="","",IF($L16="",$K16,$L16)) | N16: =IF($M16="","",IF(설정!$B$25="원가 가산",$G16*IF($H16="",설정!$B$23,$H16),$M16*IF($H16="",설정!$B$23,$H16))) | O16: =IF($M16="","",$M16-$G16-$N16) | P16: =IF(N($M16)=0,"",$O16/$M16) | Q16: =IF(N($K16)=0,"",$M16/$K16-1) | R16: =IF(N($J16)=0,"",$M16/$J16-1) | S16: =IF($M16="","",$M16*$F16) | T16: =IF($O16="","",$O16*$F16)
G17: =IF($B17="","",IF($B17="수입",IF(N($D17)=0,"",$D17*IF($C17="USD",설정!$B$10,IF($C17="CNY",설정!$B$11,1))*(1+설정!$B$16)),IF(N($E17)=0,"",$E17*(1+설정!$B$22)))) | J17: =IF($G17="","",IFERROR(IF(설정!$B$25="원가 가산",$G17*(1+IF($H17="",설정!$B$23,$H17)),$G17/(1-IF($H17="",설정!$B$23,$H17))),0)) | K17: =IF($G17="","",IFERROR(IF(설정!$B$26<=1,ROUND(IF(설정!$B$25="원가 가산",$J17*(1+IF($I17="",설정!$B$24,$I17)),$G17/(1-IF($H17="",설정!$B$23,$H17)-IF($I17="",설정!$B$24,$I17))),0),CEILING(IF(설정!$B$25="원가 가산",$J17*(1+IF($I17="",설정!$B$24,$I17)),$G17/(1-IF($H17="",설정!$B$23,$H17)-IF($I17="",설정!$B$24,$I17))),설정!$B$26)),0)) | M17: =IF($K17="","",IF($L17="",$K17,$L17)) | N17: =IF($M17="","",IF(설정!$B$25="원가 가산",$G17*IF($H17="",설정!$B$23,$H17),$M17*IF($H17="",설정!$B$23,$H17))) | O17: =IF($M17="","",$M17-$G17-$N17) | P17: =IF(N($M17)=0,"",$O17/$M17) | Q17: =IF(N($K17)=0,"",$M17/$K17-1) | R17: =IF(N($J17)=0,"",$M17/$J17-1) | S17: =IF($M17="","",$M17*$F17) | T17: =IF($O17="","",$O17*$F17)
G18: =IF($B18="","",IF($B18="수입",IF(N($D18)=0,"",$D18*IF($C18="USD",설정!$B$10,IF($C18="CNY",설정!$B$11,1))*(1+설정!$B$16)),IF(N($E18)=0,"",$E18*(1+설정!$B$22)))) | J18: =IF($G18="","",IFERROR(IF(설정!$B$25="원가 가산",$G18*(1+IF($H18="",설정!$B$23,$H18)),$G18/(1-IF($H18="",설정!$B$23,$H18))),0)) | K18: =IF($G18="","",IFERROR(IF(설정!$B$26<=1,ROUND(IF(설정!$B$25="원가 가산",$J18*(1+IF($I18="",설정!$B$24,$I18)),$G18/(1-IF($H18="",설정!$B$23,$H18)-IF($I18="",설정!$B$24,$I18))),0),CEILING(IF(설정!$B$25="원가 가산",$J18*(1+IF($I18="",설정!$B$24,$I18)),$G18/(1-IF($H18="",설정!$B$23,$H18)-IF($I18="",설정!$B$24,$I18))),설정!$B$26)),0)) | M18: =IF($K18="","",IF($L18="",$K18,$L18)) | N18: =IF($M18="","",IF(설정!$B$25="원가 가산",$G18*IF($H18="",설정!$B$23,$H18),$M18*IF($H18="",설정!$B$23,$H18))) | O18: =IF($M18="","",$M18-$G18-$N18) | P18: =IF(N($M18)=0,"",$O18/$M18) | Q18: =IF(N($K18)=0,"",$M18/$K18-1) | R18: =IF(N($J18)=0,"",$M18/$J18-1) | S18: =IF($M18="","",$M18*$F18) | T18: =IF($O18="","",$O18*$F18)
G19: =IF($B19="","",IF($B19="수입",IF(N($D19)=0,"",$D19*IF($C19="USD",설정!$B$10,IF($C19="CNY",설정!$B$11,1))*(1+설정!$B$16)),IF(N($E19)=0,"",$E19*(1+설정!$B$22)))) | J19: =IF($G19="","",IFERROR(IF(설정!$B$25="원가 가산",$G19*(1+IF($H19="",설정!$B$23,$H19)),$G19/(1-IF($H19="",설정!$B$23,$H19))),0)) | K19: =IF($G19="","",IFERROR(IF(설정!$B$26<=1,ROUND(IF(설정!$B$25="원가 가산",$J19*(1+IF($I19="",설정!$B$24,$I19)),$G19/(1-IF($H19="",설정!$B$23,$H19)-IF($I19="",설정!$B$24,$I19))),0),CEILING(IF(설정!$B$25="원가 가산",$J19*(1+IF($I19="",설정!$B$24,$I19)),$G19/(1-IF($H19="",설정!$B$23,$H19)-IF($I19="",설정!$B$24,$I19))),설정!$B$26)),0)) | M19: =IF($K19="","",IF($L19="",$K19,$L19)) | N19: =IF($M19="","",IF(설정!$B$25="원가 가산",$G19*IF($H19="",설정!$B$23,$H19),$M19*IF($H19="",설정!$B$23,$H19))) | O19: =IF($M19="","",$M19-$G19-$N19) | P19: =IF(N($M19)=0,"",$O19/$M19) | Q19: =IF(N($K19)=0,"",$M19/$K19-1) | R19: =IF(N($J19)=0,"",$M19/$J19-1) | S19: =IF($M19="","",$M19*$F19) | T19: =IF($O19="","",$O19*$F19)
G20: =IF($B20="","",IF($B20="수입",IF(N($D20)=0,"",$D20*IF($C20="USD",설정!$B$10,IF($C20="CNY",설정!$B$11,1))*(1+설정!$B$16)),IF(N($E20)=0,"",$E20*(1+설정!$B$22)))) | J20: =IF($G20="","",IFERROR(IF(설정!$B$25="원가 가산",$G20*(1+IF($H20="",설정!$B$23,$H20)),$G20/(1-IF($H20="",설정!$B$23,$H20))),0)) | K20: =IF($G20="","",IFERROR(IF(설정!$B$26<=1,ROUND(IF(설정!$B$25="원가 가산",$J20*(1+IF($I20="",설정!$B$24,$I20)),$G20/(1-IF($H20="",설정!$B$23,$H20)-IF($I20="",설정!$B$24,$I20))),0),CEILING(IF(설정!$B$25="원가 가산",$J20*(1+IF($I20="",설정!$B$24,$I20)),$G20/(1-IF($H20="",설정!$B$23,$H20)-IF($I20="",설정!$B$24,$I20))),설정!$B$26)),0)) | M20: =IF($K20="","",IF($L20="",$K20,$L20)) | N20: =IF($M20="","",IF(설정!$B$25="원가 가산",$G20*IF($H20="",설정!$B$23,$H20),$M20*IF($H20="",설정!$B$23,$H20))) | O20: =IF($M20="","",$M20-$G20-$N20) | P20: =IF(N($M20)=0,"",$O20/$M20) | Q20: =IF(N($K20)=0,"",$M20/$K20-1) | R20: =IF(N($J20)=0,"",$M20/$J20-1) | S20: =IF($M20="","",$M20*$F20) | T20: =IF($O20="","",$O20*$F20)
G21: =IF($B21="","",IF($B21="수입",IF(N($D21)=0,"",$D21*IF($C21="USD",설정!$B$10,IF($C21="CNY",설정!$B$11,1))*(1+설정!$B$16)),IF(N($E21)=0,"",$E21*(1+설정!$B$22)))) | J21: =IF($G21="","",IFERROR(IF(설정!$B$25="원가 가산",$G21*(1+IF($H21="",설정!$B$23,$H21)),$G21/(1-IF($H21="",설정!$B$23,$H21))),0)) | K21: =IF($G21="","",IFERROR(IF(설정!$B$26<=1,ROUND(IF(설정!$B$25="원가 가산",$J21*(1+IF($I21="",설정!$B$24,$I21)),$G21/(1-IF($H21="",설정!$B$23,$H21)-IF($I21="",설정!$B$24,$I21))),0),CEILING(IF(설정!$B$25="원가 가산",$J21*(1+IF($I21="",설정!$B$24,$I21)),$G21/(1-IF($H21="",설정!$B$23,$H21)-IF($I21="",설정!$B$24,$I21))),설정!$B$26)),0)) | M21: =IF($K21="","",IF($L21="",$K21,$L21)) | N21: =IF($M21="","",IF(설정!$B$25="원가 가산",$G21*IF($H21="",설정!$B$23,$H21),$M21*IF($H21="",설정!$B$23,$H21))) | O21: =IF($M21="","",$M21-$G21-$N21) | P21: =IF(N($M21)=0,"",$O21/$M21) | Q21: =IF(N($K21)=0,"",$M21/$K21-1) | R21: =IF(N($J21)=0,"",$M21/$J21-1) | S21: =IF($M21="","",$M21*$F21) | T21: =IF($O21="","",$O21*$F21)
G22: =IF($B22="","",IF($B22="수입",IF(N($D22)=0,"",$D22*IF($C22="USD",설정!$B$10,IF($C22="CNY",설정!$B$11,1))*(1+설정!$B$16)),IF(N($E22)=0,"",$E22*(1+설정!$B$22)))) | J22: =IF($G22="","",IFERROR(IF(설정!$B$25="원가 가산",$G22*(1+IF($H22="",설정!$B$23,$H22)),$G22/(1-IF($H22="",설정!$B$23,$H22))),0)) | K22: =IF($G22="","",IFERROR(IF(설정!$B$26<=1,ROUND(IF(설정!$B$25="원가 가산",$J22*(1+IF($I22="",설정!$B$24,$I22)),$G22/(1-IF($H22="",설정!$B$23,$H22)-IF($I22="",설정!$B$24,$I22))),0),CEILING(IF(설정!$B$25="원가 가산",$J22*(1+IF($I22="",설정!$B$24,$I22)),$G22/(1-IF($H22="",설정!$B$23,$H22)-IF($I22="",설정!$B$24,$I22))),설정!$B$26)),0)) | M22: =IF($K22="","",IF($L22="",$K22,$L22)) | N22: =IF($M22="","",IF(설정!$B$25="원가 가산",$G22*IF($H22="",설정!$B$23,$H22),$M22*IF($H22="",설정!$B$23,$H22))) | O22: =IF($M22="","",$M22-$G22-$N22) | P22: =IF(N($M22)=0,"",$O22/$M22) | Q22: =IF(N($K22)=0,"",$M22/$K22-1) | R22: =IF(N($J22)=0,"",$M22/$J22-1) | S22: =IF($M22="","",$M22*$F22) | T22: =IF($O22="","",$O22*$F22)
... G44: =IF($B44="","",IF($B44="수입",IF(N($D44)=0,"",$D44*IF($C44="USD",설정!$B$10,IF($C44="CNY",설정!$B$11,1))*(1+설정!$B$16)),IF(N($E44)=0,"",$E44*(1+설정!$B$22)))) | J44: =IF($G44="","",IFERROR(IF(설정!$B$25="원가 가산",$G44*(1+IF($H44="",설정!$B$23,$H44)),$G44/(1-IF($H44="",설정!$B$23,$H44))),0)) | K44: =IF($G44="","",IFERROR(IF(설정!$B$26<=1,ROUND(IF(설정!$B$25="원가 가산",$J44*(1+IF($I44="",설정!$B$24,$I44)),$G44/(1-IF($H44="",설정!$B$23,$H44)-IF($I44="",설정!$B$24,$I44))),0),CEILING(IF(설정!$B$25="원가 가산",$J44*(1+IF($I44="",설정!$B$24,$I44)),$G44/(1-IF($H44="",설정!$B$23,$H44)-IF($I44="",설정!$B$24,$I44))),설정!$B$26)),0)) | M44: =IF($K44="","",IF($L44="",$K44,$L44)) | N44: =IF($M44="","",IF(설정!$B$25="원가 가산",$G44*IF($H44="",설정!$B$23,$H44),$M44*IF($H44="",설정!$B$23,$H44))) | O44: =IF($M44="","",$M44-$G44-$N44) | P44: =IF(N($M44)=0,"",$O44/$M44) | Q44: =IF(N($K44)=0,"",$M44/$K44-1) | R44: =IF(N($J44)=0,"",$M44/$J44-1) | S44: =IF($M44="","",$M44*$F44) | T44: =IF($O44="","",$O44*$F44)
A45: 합계 | F45: =SUM(F5:F44) | P45: =IFERROR(SUM(T5:T44)/SUM(S5:S44),0) | S45: =SUM(S5:S44) | T45: =SUM(T5:T44)
A47: ① 구분(수입/국내)에 따라 D열(외화 단가) 또는 E열(원화 매입단가) 하나만 채웁니다.
A48: ② H·I열을 비워 두면 설정 시트의 기본 판관비율·영업이익률이 적용됩니다.
A49: ③ K열 기준 유통가를 영업에 전달하고, 영업이 정한 값을 L열(노란 칸)에 적습니다. 비워 두면 기준가가 그대로 적용됩니다.
A50: ④ 최종 유통가가 BEP 가격보다 낮으면 L열이 빨갛게 표시됩니다 — 팔수록 손해라는 뜻입니다.
A51: 샘플 6개 상품은 형식을 보여주기 위한 예시입니다. 실제 상품으로 교체하세요.
A52: 표시 금액은 모두 부가세 별도입니다.
